,ATSC4c,ATSC2v,SCH-7,ASP-7,hmin,ETA_BetaP_s,IC1,IC2,SIC2,BIC2,ZMIC1,ZMIC2,MDEO-11,nHeteroRing,n6HeteroRing,nT6HeteroRing,LipinskiFailures
0,-0.2790745000563457,-0.5739821084997451,-3.009812925812459,-9.307929797876879,1.0437450566053423,-1.8048349536875994,-0.4511147056318584,0.620565658445495,0.5640797649836587,0.5548649172275868,0.011879457886126897,-0.7732142633018978,-0.38294898803151606,-0.07818340209299238,-0.8502920663250902,-0.8546203075336987,-0.4901847938082013
1,-1.37970901781041,-0.5195048918728069,-3.009812925812459,-9.307929797876879,-1.5082510210464126,2.580620138152158,1.3411412737474089,1.6762155187443772,0.7048451113681993,0.9706787794765037,0.36566844899730083,0.0956635760908353,-0.38294898803151606,2.6557457538976292,0.11200507738234039,0.10959372624353225,-0.4901847938082013
2,0.6626233998872681,-0.2295186301800322,-3.009812925812459,-9.307929797876879,0.4693987573646683,0.6618958263704267,1.124808257435122,1.0472766725471203,1.3653874875781686,1.1555270768227663,-0.20640090760733787,-0.33335056379917644,-0.38294898803151606,1.7444360352340886,1.074302221089771,1.0738077600207632,-0.4901847938082013
3,0.16429418532518217,-0.2502635682046955,-3.009812925812459,-9.307929797876879,0.07319103633689637,0.3250928753171353,-0.4460080804891033,0.12388510236334388,-0.5877135831277837,-0.42822575419000297,0.4064563245198897,0.20425373854702294,-0.38294898803151606,-0.07818340209299238,0.11200507738234039,0.10959372624353225,-0.4901847938082013
4,-0.713311641079291,-0.9272580110347041,-3.009812925812459,-9.307929797876879,-1.21412383146464,-0.9824744148658074,-0.07761030635154034,0.4452103781127529,0.5287901793452157,0.43715256589923773,0.32999120666124226,-0.5058726826587646,0.4915993921446827,-0.07818340209299238,-0.8502920663250902,-0.8546203075336987,-0.4901847938082013
5,-0.050051767172437464,0.43291922176398484,-3.009812925812459,-9.307929797876879,-0.7524220465635663,0.3878925922322792,1.0572578640496848,1.3551825488118387,1.1701126442425112,1.4481794086070963,-0.5759150227531578,-0.4629504809104342,-0.38294898803151606,-0.07818340209299238,0.11200507738234039,0.10959372624353225,-0.4901847938082013
6,0.8663225103558198,-0.9589813890165708,-1.5563361192228722,1.4956291714983951,1.2531974172222284,0.3878925922322792,0.14829567202226077,-0.7560286878814134,0.27871576973374085,0.3483837284405151,-0.8374657890658643,-0.7303945795206609,-0.09143286130611637,-0.9894931207565328,0.11200507738234039,0.10959372624353225,-0.4901847938082013
7,-0.9241310330752603,-0.24371231056450665,-3.009812925812459,-9.307929797876879,1.114605705195543,0.07459568047124719,1.5716010122653388,0.8943585864854847,1.3751998020101095,1.344148161456763,-1.113638708863059,-0.9910198158443269,-0.38294898803151606,-0.9894931207565328,-0.8502920663250902,-0.8546203075336987,-0.4901847938082013
8,-0.5636235143926825,0.08756418644676552,-3.009812925812459,-9.307929797876879,-0.5393989247944502,-1.4915380419265674,-0.23416127735076345,-0.1340554591625914,0.12253498332270146,0.1828275020591595,-0.47251023233678646,-0.48041143312977636,-0.38294898803151606,-0.07818340209299238,-0.8502920663250902,-0.8546203075336987,-0.4901847938082013
9,-0.6081819194955902,-0.9114681558850831,-3.009812925812459,-9.307929797876879,1.088651781305148,1.7035291197842055,0.9792972228056485,0.8421578417083807,1.2480882295249294,1.1210976772399222,-0.5472605326690069,-0.6754706006351848,-0.38294898803151606,1.7444360352340886,-0.8502920663250902,-0.8546203075336987,1.0458394744606487
10,-0.5002466932361629,-1.3625110809601881,-1.2801910841039996,2.6965361504001817,1.6951027466548048,-2.6819259720555513,0.04045330941761563,0.28783243045348833,0.38402674192657443,0.4840679251790858,0.3293902528578817,-0.10402961090418174,-0.18860490354791629,-1.9008028394200733,-0.8502920663250902,-0.8546203075336987,-0.4901847938082013
11,1.579386055704784,1.204302054148808,-3.009812925812459,-9.307929797876879,-0.9509787099163147,0.5759409065703691,-0.16094535637977517,0.36592712900226393,-0.33547687317342406,-0.06172654628051367,-0.06911091569220351,-0.0845411269840195,-0.38294898803151606,0.8331263165705481,1.074302221089771,1.0738077600207632,-0.4901847938082013
12,-0.42226840880505645,-0.34353217659028357,-0.4396751625408988,0.7873161643891158,0.48888247602726354,0.8937986916269132,0.009055975813046345,-0.08224466936070254,0.37601522538005866,0.5685146556817701,-0.9182838472766071,-0.7790213631797757,-0.38294898803151606,-0.07818340209299238,0.11200507738234039,0.10959372624353225,-0.4901847938082013
13,-0.7953581307703154,0.4690418862063772,-3.009812925812459,-9.307929797876879,1.2003545545533134,-1.1782411301655353,1.1011866455042203,0.7239102832099198,0.3692262386064581,0.47113033387745,0.029903203974932218,0.022724324150885267,1.1143085610293975,-1.9008028394200733,-1.812589210032521,-1.8188343413109296,2.5818637427294986
14,-0.39068055098793913,0.6841344553640225,-3.009812925812459,-9.307929797876879,0.1462277816689172,1.3846188255056209,1.4584081473387123,1.6130389633694775,0.47503910861560067,0.657333320974447,0.2829549495976415,0.3579556995904056,-0.38294898803151606,1.7444360352340886,0.11200507738234039,0.10959372624353225,1.0458394744606487
15,-1.0548087582797732,-0.6659977857220067,-3.009812925812459,-9.307929797876879,0.6001135784146691,0.03424949362632197,0.10750297664110761,-0.025104814574915087,0.22373323347194432,0.08808712452784023,0.0646399895296912,0.009417971654452162,-0.38294898803151606,0.8331263165705481,-0.8502920663250902,-0.8546203075336987,-0.4901847938082013
16,0.6958532506009859,1.050510769461176,-3.009812925812459,1.4031388944568828,1.1119527710270891,-0.4439405295878862,0.6574607991269189,0.9778491430278342,0.8896876679023593,1.2515149753303294,-0.8611734837566078,-1.011584583899021,0.3546736831958229,-1.9008028394200733,-0.8502920663250902,-0.8546203075336987,-0.4901847938082013
17,-0.4338721157301901,-0.1639875724003164,-0.3960339824208966,-0.5297322145573585,0.7928824605278381,2.243115514284171,-0.22028978068558966,-1.504956643027161,-0.9006698261376397,-0.7213033575353573,-0.7221558923300933,0.016041017245662332,0.054325202056583415,0.8331263165705481,1.074302221089771,1.0738077600207632,1.0458394744606487
18,-0.8032390106337679,0.5254493549216598,-0.01620235696545097,0.43272848346910975,0.07014051632305898,-0.4555181310303411,0.22191299236364653,0.3438369124568916,0.7779767525471988,1.0511578132109178,-0.8364713651746429,-0.7733072752210502,-0.1330780222668878,-0.07818340209299238,-1.812589210032521,-1.8188343413109296,-0.4901847938082013
19,-0.9952285003979119,0.9109077219533843,-3.009812925812459,-9.307929797876879,-0.0932189273961196,0.5033177702495021,-0.24779631816952105,0.5359697176223311,-0.3174749088994506,-0.16272313457384951,0.47993597467023086,-0.08579745119828996,-0.20803931199627632,0.8331263165705481,2.036599364797202,2.0380217937979936,-0.4901847938082013
20,0.1911062089599307,-1.1908740987034705,-3.009812925812459,-9.307929797876879,0.03403797831434591,-1.5125882263673958,-0.49689839030553845,-0.37032490802479023,-0.3389616945102622,-0.3298436573701866,0.051446361218814046,-0.24989046776542204,-0.09143286130611637,-0.9894931207565328,-0.8502920663250902,-0.8546203075336987,-0.4901847938082013
21,-0.9110289304023397,0.26028722221523537,-3.009812925812459,-9.307929797876879,-0.08224129783173888,-0.42639870922052914,1.1536586322636586,1.0633562338635416,0.6172619939891102,0.7851841307269337,-0.3608865972680714,-0.21957492509568557,-0.38294898803151606,-0.07818340209299238,0.11200507738234039,0.10959372624353225,-0.4901847938082013
22,0.128385930975191,-0.49973783306477193,-1.7124431676445449,1.6626798930131663,2.0371595595110246,-1.1782411301655353,-0.017864098204062276,-0.5774420460162399,1.1655663516002952,0.9139634856695585,-1.0580070556747476,-1.2831609206271732,-0.38294898803151606,-0.9894931207565328,0.11200507738234039,0.10959372624353225,-0.4901847938082013
23,-0.2418673757861652,-0.884318086457801,-1.995191279246191,3.5992432042042917,0.7878235195036596,-2.170406490143361,-1.617919030904023,-0.24274297220668875,0.2966025132025684,0.3515558908969338,-0.4147465700980818,-0.9078844994124255,-0.38294898803151606,-0.07818340209299238,0.11200507738234039,0.10959372624353225,-0.4901847938082013
24,-0.18339887319195133,-1.3513026442993827,-3.009812925812459,-9.307929797876879,0.16385939841455494,-0.9694934677939625,-0.3236721924132783,0.22403763221397827,-0.7035468963390339,-0.7234106474611416,1.6790206620501407,0.9134137398716048,-0.28577694578971613,0.8331263165705481,0.11200507738234039,0.10959372624353225,-0.4901847938082013
25,-0.33191435750956616,1.1473312462655618,-3.009812925812459,-9.307929797876879,0.1874517760896321,1.0685152224858085,0.04301873121011101,-0.00016424762058700958,0.05790874602258786,0.25983492383803874,-0.6813290473681592,-0.44907393261491824,0.6276039713231331,-0.07818340209299238,0.11200507738234039,0.10959372624353225,-0.4901847938082013
26,0.09167620051211571,-0.5445336357972528,-3.009812925812459,-0.29841456700070584,0.12792799484982093,0.4756016940690725,0.29975783360646885,-0.305468195174344,0.548782770097426,0.6666267544194394,-0.695769547818287,-0.6522604825825751,-0.09143286130611637,-0.07818340209299238,-1.812589210032521,-1.8188343413109296,-0.4901847938082013
27,0.3688687733070627,0.2961040377502771,-1.5997074291371816,0.7248126228629845,-0.18151356355785847,-0.47025326013892577,-0.41411456646008943,0.12253258765037427,0.7982772999550911,1.0287191503589372,-1.174208803586975,-1.304488322590378,-0.38294898803151606,-0.9894931207565328,0.11200507738234039,0.10959372624353225,-0.4901847938082013
28,0.03534088189497179,0.7018815751692362,-3.009812925812459,-9.307929797876879,-0.41476992952227154,0.7815310412758161,-0.7244832875645495,0.5532030480112895,-0.6115626734351396,-0.280567108818972,0.31459488752563297,0.18130450525875186,0.3842095049366444,0.8331263165705481,1.074302221089771,1.0738077600207632,2.5818637427294986
29,1.500275555847327,0.09855026540584023,-3.009812925812459,0.36644087819734333,0.38257482822033134,1.605996598541689,0.4147844008171702,0.05506258531818356,0.6550386522399569,0.6436155847349101,-0.43562660539671083,-0.3472157159774941,-0.38294898803151606,-0.07818340209299238,-0.8502920663250902,-0.8546203075336987,-0.4901847938082013
30,1.1670622174954843,-0.3326850367012987,-3.009812925812459,-9.307929797876879,0.6178216223375006,0.8692401431126093,1.6789873971257852,2.0569076125198267,1.333203354234475,1.2741468979256023,0.22998872301960835,-0.2877843212358826,-0.1643118929874664,1.7444360352340886,1.074302221089771,1.0738077600207632,1.0458394744606487
31,0.6433127867569369,-0.5753279178409134,-3.009812925812459,-9.307929797876879,1.3154979230192554,-0.34289964427189845,2.002407182435926,1.5218401826627388,1.451357706293922,1.3025596617445367,-0.188265137038962,-0.06893819658276369,0.5143250285523046,-0.07818340209299238,0.11200507738234039,0.10959372624353225,1.0458394744606487
32,-0.7721528841635608,1.7544360792627878,-3.009812925812459,-9.307929797876879,-1.0849609215268488,-1.366289444503625,0.06866711821069653,1.2440027126517428,0.16190696780258357,0.33075516567524954,0.48339955036718835,0.015368470109804527,0.4915993921446827,-0.9894931207565328,0.11200507738234039,0.10959372624353225,1.0458394744606487
33,0.3388565918653172,0.9491645111414191,-3.009812925812459,-9.307929797876879,-0.9460279837280855,1.3625161318427477,-1.0499860394835547,0.2691298922786938,-0.4624351729672477,-0.14994280717734135,0.15103540865264461,0.09996454562021068,-0.38294898803151606,-0.07818340209299238,0.11200507738234039,0.10959372624353225,1.0458394744606487
34,-0.027103149151618385,-0.03309244250832478,-3.009812925812459,-9.307929797876879,-1.0686362550838393,-1.5855621990956121,0.37986937111395447,0.9818961141882286,-0.17834715207673624,0.06589362884968952,0.2645074553967168,0.13897850853823607,-0.38294898803151606,-0.9894931207565328,-0.8502920663250902,-0.8546203075336987,-0.4901847938082013
35,-1.4508891862118938,0.423083039671723,-3.009812925812459,0.05737257658754287,0.40594966485963535,-1.4915380419265674,0.9573239619720608,0.035422894258519924,0.27995408689293705,0.5087596305577419,-0.9599786884788166,-0.5994820493858652,0.5680177558135545,-0.9894931207565328,-1.812589210032521,-1.8188343413109296,-0.4901847938082013
36,0.24555057576357095,-0.3437452073985529,-3.009812925812459,-9.307929797876879,0.13179422839535582,-1.030889839079716,0.24132781746478912,1.0089675818299328,0.26746674422925343,0.5648373658431939,-0.2472475768562079,-0.42861924557019293,-0.38294898803151606,-0.07818340209299238,0.11200507738234039,0.10959372624353225,1.0458394744606487
37,-0.32304628428278165,-0.6572348320901157,-0.7565821632401062,2.1488395526261233,1.3069930737072963,-2.142339577555586,-1.0875877640278462,0.17962793053147544,0.5511921496643327,0.5378992702132416,-0.2638938182716737,-1.0082422415503531,-0.38294898803151606,-0.07818340209299238,0.11200507738234039,0.10959372624353225,-0.4901847938082013
38,-0.5659978772726774,-0.5150874901686535,-3.009812925812459,-9.307929797876879,-1.2562744102216352,-1.6718679553030193,-0.45726430621475217,-0.10758235538815632,-0.21297275877322394,-0.2981627441554355,0.7544864106159382,0.3752968417871774,-0.38294898803151606,-0.9894931207565328,-0.8502920663250902,-0.8546203075336987,-0.4901847938082013
39,-0.20970456635927393,-0.2215892421830501,-3.009812925812459,-9.307929797876879,0.5672202860776191,-0.41447027137072084,0.8547454399217173,1.751086902416309,0.5500957600994693,0.9235682490799251,0.24241740517494403,-0.27619004002009656,-0.38294898803151606,-0.9894931207565328,-0.8502920663250902,-0.8546203075336987,1.0458394744606487
40,-0.23574805153006864,-1.1143628537920232,-3.009812925812459,-9.307929797876879,0.5708510582426017,-1.4915380419265674,-1.2550002629023052,-1.1350124539068847,-0.8668363583192007,-0.9186522445724444,0.36172582351273597,-0.019233582475138154,-0.38294898803151606,-0.9894931207565328,-0.8502920663250902,-0.8546203075336987,-0.4901847938082013
41,-0.07972556429004352,1.2316559156846283,0.4426705458663012,-0.13544438857421728,-0.16776421144741163,-0.4555181310303411,0.3572645337047116,0.29622047755503156,0.7330558366752713,1.0040529992549716,-0.9062321612514687,-0.6749153729999318,-0.09143286130611637,-0.07818340209299238,-1.812589210032521,-1.8188343413109296,-0.4901847938082013
42,1.0628747846873114,0.24298155594504467,-3.009812925812459,-9.307929797876879,0.1656528849478588,1.7319468687793302,0.9295084218774392,0.8010881867787574,0.7914837274178794,0.8206609550935109,-0.7246214672160978,-0.7882101520234536,-0.38294898803151606,1.7444360352340886,0.11200507738234039,0.10959372624353225,-0.4901847938082013
43,-0.9742041890344653,-0.34905058159399444,-1.1149198565209366,1.3789872352334263,0.8909569176963387,0.18861751285908,0.25673734177220137,-0.7168344865552648,1.1404257598021443,1.3190732026760714,-0.4419268585375611,0.4201415415803912,-0.38294898803151606,-0.9894931207565328,-0.8502920663250902,-0.8546203075336987,-0.4901847938082013
44,-0.5191523636879873,-0.5124104618715635,-3.009812925812459,-9.307929797876879,0.9807725447509728,1.2811220853382022,1.795259362909681,0.636335576257371,1.6480153045430843,1.474322125384506,-0.918451411899398,-0.8920886654965894,0.4915993921446827,-0.07818340209299238,-0.8502920663250902,-0.8546203075336987,1.0458394744606487
45,0.21044931614760778,0.08748587800390159,-0.7461556050541418,0.9821198051207657,0.39394638214418126,-0.489198426135673,0.8215532052334877,0.3037541307961136,1.726433356605077,2.019158874672454,-1.6602117077253304,-1.4695792269259915,-0.22394019163584347,-0.9894931207565328,-1.812589210032521,-1.8188343413109296,-0.4901847938082013
46,-0.07124530029400601,-0.880438578749055,-3.009812925812459,-9.307929797876879,0.47588803262153867,-2.097081681007803,-0.08472559502765642,-0.42591209910644184,-0.083792203858622,-0.19679910108279822,0.2822478123790173,0.12323945199693806,0.4915993921446827,-0.9894931207565328,-0.8502920663250902,-0.8546203075336987,-0.4901847938082013
47,0.030471214207487482,-0.39340753909466364,-3.009812925812459,-9.307929797876879,0.08803316482784312,0.14441212553333777,0.4595434765807083,0.864748798277384,0.09626182311437761,0.23941405503259747,-0.11217392935485947,-0.5130152844870747,-0.38294898803151606,0.8331263165705481,-0.8502920663250902,0.10959372624353225,-0.4901847938082013
48,-0.5436160011263745,-0.5177914949252999,-3.009812925812459,0.24661051406707887,-0.2540696271197307,-0.7926719184909818,-0.800929528672242,-0.4892145766722723,-0.14288802295946482,0.1098397122659822,-0.44014181028266103,-0.5372471575705826,-0.1330780222668878,-0.07818340209299238,-1.812589210032521,-1.8188343413109296,-0.4901847938082013
49,-0.9831236834342464,0.1207512880956672,-3.009812925812459,-9.307929797876879,0.34208462860139566,0.44718394507395165,0.6517880013915391,1.6446815452086285,0.6777381391126672,0.8657349173000106,-0.15474512287643843,-0.6434866415595161,-0.38294898803151606,0.8331263165705481,1.074302221089771,1.0738077600207632,-0.4901847938082013
50,0.07514364491102016,0.7048844840885814,-3.009812925812459,-9.307929797876879,-0.5281222391080959,1.548810264144098,-1.0613357449819343,0.20044519818133114,-0.4787043179146306,-0.21253867353884662,0.10377454083366222,-0.28628157775576196,-0.38294898803151606,1.7444360352340886,0.11200507738234039,0.10959372624353225,-0.4901847938082013
51,-0.6133117275050047,0.6220620269993911,-3.009812925812459,-9.307929797876879,0.5821658366890048,2.854623372290305,1.090735884791807,0.9778491430278315,0.889687667902354,1.0379457936499177,-0.6402500145226065,-0.5698120084573844,0.6276039713231331,1.7444360352340886,0.11200507738234039,0.10959372624353225,1.0458394744606487
52,0.11212770234234162,0.2637929252756599,-3.009812925812459,-9.307929797876879,-0.16713040599818568,0.6001486186773234,0.5155558325119173,-0.06262091855164782,0.18888659177257408,0.052557082172597844,-0.12112773715156282,-0.31906912942688465,-0.38294898803151606,0.8331263165705481,0.11200507738234039,0.10959372624353225,-0.4901847938082013
53,0.2661268178498108,-0.5146423758812453,-3.009812925812459,-9.307929797876879,-1.3603170598012602,0.07459568047124719,1.2983597911572466,1.666167752610762,1.0972595156782439,1.1655287170219624,-0.4619568778979467,-0.7512884869227312,-0.38294898803151606,0.8331263165705481,1.074302221089771,1.0738077600207632,-0.4901847938082013
54,1.3054557794650146,-0.9137181220341437,0.39205450325745606,-9.307929797876879,1.397061668446129,0.07459568047124719,1.0836320744178447,0.43179832938109675,1.3540955533703258,1.203256724492842,-0.5679182494621869,-0.7248915104982327,0.4116309474915652,-0.07818340209299238,0.11200507738234039,0.10959372624353225,-0.4901847938082013
55,-0.35407049484355063,-0.6494967382325599,-3.009812925812459,-9.307929797876879,-1.6950268179681647,-1.6143307844980785,-0.8407813111817563,1.1531645075666195,-0.6858786956367333,-0.3043464787694364,1.1072658981683228,0.22990936160552736,-0.38294898803151606,-0.9894931207565328,0.11200507738234039,0.10959372624353225,2.5818637427294986
56,-0.3514817197078882,-0.1311777503132893,-2.172120999334017,1.7437430053423228,0.020096362993769136,0.27246741421505627,-1.9690645906265276,-0.7372700044168495,0.38578670753937916,0.8304032458170885,-1.3755570295590933,-1.4249250103999838,-0.38294898803151606,-0.9894931207565328,0.11200507738234039,0.10959372624353225,-0.4901847938082013
57,-0.574385091589434,-1.119106079602571,-3.009812925812459,-9.307929797876879,0.24314378825087177,-0.9277439353196472,0.4042211556681671,0.5859933257153719,0.6582887763723464,0.6176682190750725,-0.20813546124130383,-0.609117709942936,0.4915993921446827,0.8331263165705481,0.11200507738234039,0.10959372624353225,-0.4901847938082013
58,-0.030943680298861843,0.8273980901625376,-1.094981829360343,0.9264724093134288,1.2516053517486367,-1.2329716097116956,0.4521594568896044,-0.06593142747885074,0.9573814623116134,1.1255274508074424,-1.3869622609320178,-0.9832587491089717,-0.23719092466881622,-0.9894931207565328,-1.812589210032521,-1.8188343413109296,-0.4901847938082013
59,-0.4447652509087496,1.4205605017655727,-3.009812925812459,0.48507559890668234,0.022106785413661376,-1.351203478987695,-0.1280470506729691,0.4526317843487364,0.18112394336249965,0.5903406788688889,-0.8779758780941382,-0.6156175511913461,0.371833816751703,-0.07818340209299238,-1.812589210032521,-1.8188343413109296,-0.4901847938082013
60,-0.35464772837459985,0.8485942767765267,-1.0518956120046146,0.689439683417548,0.6166868887460524,-1.278580342666828,-0.4279395651977605,0.6133814722593551,0.8167879622112404,1.2536539766282604,-1.1608547075860556,-1.239211057007209,-0.38294898803151606,-0.9894931207565328,-0.8502920663250902,-0.8546203075336987,-0.4901847938082013
61,-0.07105437628122582,0.3704203494305564,-3.009812925812459,-9.307929797876879,-0.24631312930938806,0.317023637948148,0.8808346456823156,1.1701025845272406,0.9411499224803954,1.0699440915172194,-0.7329516627970495,-0.8701558559576398,-0.38294898803151606,-0.07818340209299238,0.11200507738234039,0.10959372624353225,-0.4901847938082013
62,-0.055819704892584365,0.20901000292296706,-3.009812925812459,-9.307929797876879,-0.8977891028668149,0.5759409065703691,-0.4871565862714295,0.3230744803801301,-0.4583307422290341,-0.1760808598861383,-0.11865985732483783,-0.2555001422837341,-0.38294898803151606,0.8331263165705481,-0.8502920663250902,-0.8546203075336987,-0.4901847938082013
63,-0.5964304351391286,0.11117884958776311,-3.009812925812459,-9.307929797876879,-1.0329842897918706,0.7660942393525403,0.9895255037595224,1.2129131002204796,1.168524021145788,1.3665362294404855,-0.8821157107426583,-0.8389572857484154,-0.38294898803151606,-0.07818340209299238,0.11200507738234039,0.10959372624353225,-0.4901847938082013
64,-0.6603235018658665,-0.21383780696541194,-3.009812925812459,-9.307929797876879,-0.25425429482181755,2.130847863933074,0.23309723723748088,1.0151250347403324,0.1365640037565488,0.3378673353752089,-0.07197079124772433,-0.2216156467534022,-0.38294898803151606,2.6557457538976292,-0.8502920663250902,-0.8546203075336987,1.0458394744606487
65,-1.397369589716444,-0.2516432740609094,0.4412807484765101,-9.307929797876879,0.1496849594713222,0.7011895039933111,0.7538902734637914,0.281673531619604,0.6469510076412958,0.7482594674368763,-0.8662212525253556,-0.45448482945594443,0.4915993921446827,-0.07818340209299238,1.074302221089771,1.0738077600207632,-0.4901847938082013
66,-1.2367569516923556,0.40347417385999895,-3.009812925812459,-9.307929797876879,-0.30950352844229445,0.046879604290821414,-0.6131268566580058,0.9433434534454913,-0.5904669007368804,-0.29797548955278885,0.8110603649832252,0.4207624950195174,-0.38294898803151606,-0.07818340209299238,-0.8502920663250902,-0.8546203075336987,2.5818637427294986
67,-0.6885692800800711,-1.691198107849216,-0.544473974446313,-9.307929797876879,0.9609065546789461,-0.9277439353196472,0.994720645199747,1.0913357944059952,1.4067322505829951,1.304938399971754,-0.1622866567081928,-0.34712861278503415,0.4915993921446827,0.8331263165705481,0.11200507738234039,0.10959372624353225,-0.4901847938082013
68,0.19680481432555724,0.2503616258399491,-0.8704946166112602,0.7423934595271429,-0.738207388899196,0.16090143667865422,0.306930624545369,1.0879480948578653,0.9900256078461277,1.2473275377248312,-1.0151254801775544,-0.9535769785580864,-0.09143286130611637,-0.07818340209299238,1.074302221089771,1.0738077600207632,-0.4901847938082013
69,-0.5450659872872469,-0.5694767776504417,-0.08863971744990529,-0.262051101751728,0.07812936570340379,1.605996598541689,0.6090258298970309,1.0565652346550687,0.45476881275373754,0.691981293360817,-0.1704898996777704,-0.21102824964451875,-0.38294898803151606,0.8331263165705481,1.074302221089771,1.0738077600207632,1.0458394744606487
70,-0.15010068069387664,-1.2666325979409385,-3.009812925812459,-9.307929797876879,-0.4946424353226499,0.03424949362632197,0.033526223061531836,0.007853210488177225,0.25434612683648306,0.11930038769512592,0.2401863567101939,-0.4150306668637438,-0.38294898803151606,-0.07818340209299238,-0.8502920663250902,-0.8546203075336987,-0.4901847938082013
71,0.12901919784600294,0.7906667274294582,-3.009812925812459,-9.307929797876879,-0.5707398251895931,1.1186848287364568,-0.3010281755594912,0.3116269907341941,-0.46817113813968786,-0.1864541867419561,0.006977056565162247,-0.07111087863022278,0.054325202056583415,0.8331263165705481,1.074302221089771,1.0738077600207632,1.0458394744606487
72,0.5855865867142857,-0.9614361065242348,-3.009812925812459,-9.307929797876879,0.2757104684072912,-0.9277439353196472,-0.02302941065689901,-0.24048413862478968,0.373123182682957,0.4731150752681281,-0.8220716846160997,-0.8004830548194168,-0.09143286130611637,-0.9894931207565328,-0.8502920663250902,-0.8546203075336987,-0.4901847938082013
73,-0.3338823180980013,-0.8749448866254783,-3.009812925812459,-9.307929797876879,-0.07628802360343616,-0.7926719184909818,0.8268433665601403,0.4255210390750204,1.4406929427663029,1.3326087823082498,-0.5461045130238145,-0.47199502832042456,-0.38294898803151606,-0.07818340209299238,-0.8502920663250902,-0.8546203075336987,-0.4901847938082013
74,-1.6909700059930148,0.6039953770595339,-3.009812925812459,-9.307929797876879,0.9132323373572862,-0.2699256715436859,0.6207088770575248,1.5780528194844259,0.32287183983096235,0.5585046714760976,0.06872993735968522,-0.2369625231054155,-0.033129635961036456,-0.07818340209299238,1.074302221089771,1.0738077600207632,-0.4901847938082013
75,-0.792202858747879,-0.31385996934697147,-3.009812925812459,-9.307929797876879,-0.3086643621961249,-0.34289964427189845,1.1987608071367175,1.3658847093513875,0.6756251331310542,0.6531050075247538,0.6520082150731076,0.24206201462662646,-0.033129635961036456,0.8331263165705481,1.074302221089771,1.0738077600207632,-0.4901847938082013
76,0.05629335804969934,-0.9303575856761408,-3.009812925812459,-9.307929797876879,0.5650415207675665,-0.14151954645461404,0.5156628866166093,0.3942582159717373,0.546638179106841,0.5855913766415753,-0.5018822380031087,-0.62792054085896,-0.38294898803151606,0.8331263165705481,-0.8502920663250902,-0.8546203075336987,-0.4901847938082013
77,0.0655679279574375,-0.7211640755447979,-3.009812925812459,-9.307929797876879,1.094566077020862,-0.11801350716235476,0.013974549581305035,-0.021567391313878463,0.6600298932407442,0.6282772013806168,-0.46439953126344163,-0.6861379992912061,-0.38294898803151606,0.8331263165705481,-0.8502920663250902,-0.8546203075336987,-0.4901847938082013
78,0.37989941356332313,-0.6525931449913419,-3.009812925812459,-9.307929797876879,-2.3406124832035964,-0.6677741574753854,0.707070674702098,0.44998273862156,1.031744233579864,1.0309161442773414,-0.7315037590968586,-0.8736225831820319,-0.38294898803151606,-0.9894931207565328,0.11200507738234039,0.10959372624353225,-0.4901847938082013
79,-0.30265894050397496,1.1365145069461349,-3.009812925812459,-9.307929797876879,-0.056107681748900524,1.2811220853382022,-0.7620261821810362,-0.6187756332662714,-0.3276948764176298,0.04007209396188126,-0.3221387719608841,0.31841525164990336,-0.38294898803151606,-0.07818340209299238,-0.8502920663250902,-0.8546203075336987,-0.4901847938082013
80,-0.406403788562636,0.9900455155902623,-3.009812925812459,-9.307929797876879,-0.307169648307694,1.0832503515943892,0.892510862296475,1.2945213889613034,0.28900170420081633,0.5889687666025938,0.09180963561789694,0.28107847002105046,-0.38294898803151606,0.8331263165705481,1.074302221089771,1.0738077600207632,-0.4901847938082013
81,-1.157498754758222,2.2258942861362243,-3.009812925812459,-9.307929797876879,0.7225479696485765,-0.6354972079994475,0.42505560607938936,0.1780174156643122,0.1607663976143732,0.3793113638860488,-0.9029165821375612,-0.3887834140933086,-0.1330780222668878,-0.07818340209299238,-1.812589210032521,-1.8188343413109296,-0.4901847938082013
82,-1.79133086661581,0.03371750355813516,-3.009812925812459,-9.307929797876879,0.8151798275219587,0.3878925922322792,1.713956590515778,2.0563215612719836,1.0790764438978104,1.4362888818610502,-0.27498606614179616,-0.14761183165135447,-0.2484030833890239,0.8331263165705481,0.11200507738234039,0.10959372624353225,2.5818637427294986
83,-0.6017971037553553,0.21868138116817318,-3.009812925812459,-9.307929797876879,-0.3573303787130151,2.0933083683469254,0.03235504931865962,-0.15802732965413188,-0.6576034359013568,-0.5392329791850461,0.24576184485303715,0.17516520921589007,0.4915993921446827,2.6557457538976292,2.036599364797202,2.0380217937979936,1.0458394744606487
84,0.05231377367713628,-1.5157134950956617,-1.3161744816676888,1.4518132878605918,0.6187592715362945,-0.8516124349253087,0.11897469268067058,-0.6929078665686178,0.34079098488145226,0.4126352605378704,-0.8752580115043691,-0.8081517769252475,-0.09143286130611637,-0.9894931207565328,0.11200507738234039,0.10959372624353225,-0.4901847938082013
85,-0.22797315560676634,-0.9267686759894195,1.0296462421914292,-9.307929797876879,0.3562883753642871,-0.22607112062528537,-1.411279150889081,-2.0331443359226493,-1.269847529347307,-1.4043014493083537,0.017366577762735504,-0.10903570107959937,-0.38294898803151606,-0.07818340209299238,-0.8502920663250902,-0.8546203075336987,-0.4901847938082013
86,-0.8565126800162496,-0.5680544474635439,-0.16377395612490037,-0.12670880793607447,0.8208030585705943,-0.8649442184045033,0.39821531155214146,-0.6929078665686178,0.3407909848814487,0.025552472608480585,-0.07495339017162679,0.008676273089921556,0.4915993921446827,-0.9894931207565328,-0.8502920663250902,-0.8546203075336987,-0.4901847938082013
87,-0.07541669882155586,1.3054885838505177,-3.009812925812459,-9.307929797876879,-1.080643989065855,0.8752043620375115,-0.9552891840345147,0.141721508073466,-0.6552475421262416,-0.4470851962947071,0.38928326497467897,-0.036552861962952814,-0.38294898803151606,1.7444360352340886,0.11200507738234039,0.10959372624353225,-0.4901847938082013
88,-0.1168709329937383,-0.22855221700030995,-3.009812925812459,-9.307929797876879,0.28301450967666764,-0.9277439353196472,0.006489156247963174,0.7244241774369827,0.5385721491195277,0.6997481067747947,-0.6173701308001989,-0.5878389343223143,-0.38294898803151606,-0.07818340209299238,-0.8502920663250902,-0.8546203075336987,-0.4901847938082013
89,0.21023765870458583,-0.9589813890165708,-1.5563361192228722,1.6202658363424087,1.2736115152853087,0.3878925922322792,0.14829567202226077,-0.9037224037509684,0.13346862310467103,0.19804431066354558,-0.8374657890658643,-0.6187893827423102,-0.09143286130611637,-0.9894931207565328,0.11200507738234039,0.10959372624353225,-0.4901847938082013
90,0.4722672082944035,-0.664637847474982,-3.009812925812459,-9.307929797876879,-2.1094742565893525,-0.22607112062528537,0.14064174709667113,0.7254171935594518,-0.8586971931155184,-0.7403246025511614,1.8238891320444717,1.041141684202758,-0.38294898803151606,1.7444360352340886,0.11200507738234039,0.10959372624353225,1.0458394744606487
91,-0.3207422857936937,-0.0592199001535499,-3.009812925812459,-9.307929797876879,0.6330280644009388,1.84982790164798,-0.7028645213210223,-1.8781409897842964,-1.1211395920547609,-0.9779050435290112,-0.7982331019425625,-0.09343439331514505,-0.38294898803151606,0.8331263165705481,1.074302221089771,1.0738077600207632,-0.4901847938082013
92,-0.3858108588838786,1.9718115471114528,-3.009812925812459,-9.307929797876879,-0.8122962868343219,-1.2564776490039549,-0.9452701186836348,-0.1457140529620569,-0.7783110772075542,-0.4524013697897507,-0.41038642212794735,-0.1893394463266683,-0.09143286130611637,-0.07818340209299238,-0.8502920663250902,-0.8546203075336987,-0.4901847938082013
93,-0.01646662930498589,-0.8129941961644389,-3.009812925812459,-9.307929797876879,-1.192921079785541,-0.70847118072766,0.5276779062048418,1.1092694498460602,0.8861998339930438,0.9651765629058265,-0.7467743534938419,-0.7633936886196825,-0.38294898803151606,-0.07818340209299238,-0.8502920663250902,-0.8546203075336987,-0.4901847938082013
94,-0.9924563349397858,-0.7584539725266202,-3.009812925812459,-9.307929797876879,1.045615002991639,-0.7463615127211545,0.2750379807607859,0.2872817962479566,0.7246231652283507,0.6417700198665309,-0.26814981106321334,-0.5198510175875058,-0.38294898803151606,-0.07818340209299238,0.11200507738234039,0.10959372624353225,-0.4901847938082013
95,-0.5040863364341428,1.0196894677838135,-3.009812925812459,-9.307929797876879,-0.3130397815180734,-0.25694472447184086,1.0059636377407886,0.8820989844164169,0.8656519817888172,0.7068821286434376,-0.23495832310588768,-0.38360743288129606,0.5143250285523046,0.8331263165705481,2.036599364797202,2.0380217937979936,-0.4901847938082013
96,1.0174062463474223,0.4519103014827683,-3.009812925812459,-9.307929797876879,-0.7190048615612673,-1.6862522480042506,0.022021125805241827,0.16015237716842445,-0.6394568726036423,-0.49869660599831805,0.26928642784705414,0.23655976048335822,-0.38294898803151606,-0.9894931207565328,0.11200507738234039,0.10959372624353225,-0.4901847938082013
97,-1.4474919926704533,0.042864315262604404,-3.009812925812459,-9.307929797876879,-1.4762330084440753,1.6407294028690615,0.168974943188582,-0.39779102166070585,-0.05753986477875335,0.08742199136095037,-0.5831549085352069,-0.43793367372447817,-0.1643118929874664,0.8331263165705481,0.11200507738234039,0.10959372624353225,-0.4901847938082013
98,-0.1882724991161442,-0.6123833734793439,-1.9771995804643465,1.8267085569049575,0.7535507136089511,-2.7447256889706955,-0.8688466511264609,-0.06414977262306668,0.2539298225996562,0.1482992208590633,-0.12814386022551788,-0.5075922203968113,-0.38294898803151606,-0.9894931207565328,-0.8502920663250902,-0.8546203075336987,-0.4901847938082013
99,0.21948755275465978,-0.11909374102594295,-3.009812925812459,-9.307929797876879,0.1917107173325966,2.0792749120530396,0.8659038926774711,0.7590755495592169,0.4005928043733296,0.6380332063234471,-0.08181599069792689,0.007518283051320732,-0.38294898803151606,1.7444360352340886,0.11200507738234039,0.10959372624353225,-0.4901847938082013
100,-0.010191336325498802,-0.6706521852308819,-3.009812925812459,-9.307929797876879,-0.6925169100509901,-0.9694934677939625,-1.0560673013054753,0.2208069594986026,-1.1191142188569176,-0.8117440528843525,0.9663688699908043,0.4996299395072597,-0.38294898803151606,-0.07818340209299238,-0.8502920663250902,-0.8546203075336987,2.5818637427294986
101,1.132203836237931,-0.6843438744103554,-3.009812925812459,-9.307929797876879,0.34933771251815826,-0.8081087204142577,1.240392827784641,1.8729849757650634,0.6532063186754362,0.8525298883933475,0.4598853583352122,-0.037091310699589125,-0.38294898803151606,-0.07818340209299238,0.11200507738234039,0.10959372624353225,-0.4901847938082013
102,0.32869826185730794,-0.7725722555283258,-3.009812925812459,1.254399569162415,0.6141083460887475,0.7011895039933111,1.143731503722554,0.42763134122339824,0.9324858355185952,1.0089959949852596,-0.8023881321395889,-0.6720289797368979,0.37034214724174114,-0.07818340209299238,0.11200507738234039,0.10959372624353225,-0.4901847938082013
103,0.7213341839841003,-0.5133729183646338,-3.009812925812459,-9.307929797876879,1.6766746252954434,-0.5519981430508168,1.2652662500471081,0.9681349413115948,1.4451803377725108,1.4767086256334554,-0.8261037786864057,-0.8584289937830171,-0.38294898803151606,-0.9894931207565328,0.11200507738234039,0.10959372624353225,-0.4901847938082013
104,-0.46841521073130404,-0.6768661430417466,-0.7731412325517683,2.0234703492210033,2.3474826046217427,-0.34289964427189845,-0.594176992468935,-0.9247531995703449,1.767483693155492,1.1961142372823026,-1.3146470699082504,-1.4309135628483172,-0.38294898803151606,-0.07818340209299238,0.11200507738234039,0.10959372624353225,-0.4901847938082013
105,-1.3285352418566014,0.14783404895035232,-3.009812925812459,-9.307929797876879,-0.9343050316665947,1.02150314390129,1.719523478162061,2.1657934478895937,0.94405860126747,1.1825437649751986,0.11486805424685864,-0.014091176117356205,-0.38294898803151606,0.8331263165705481,0.11200507738234039,0.10959372624353225,1.0458394744606487
106,0.9307829765738438,-0.6275003984874903,-3.009812925812459,-9.307929797876879,1.216765291054312,-0.6354972079994475,0.7199853729066439,-0.061759774186920524,0.7020205801353148,0.41424116153127427,0.04671719953640801,-0.08822897013554902,0.37034214724174114,-0.9894931207565328,-0.8502920663250902,-0.8546203075336987,-0.4901847938082013
107,0.4483924353575526,0.6261110767893809,-3.009812925812459,-9.307929797876879,1.2003306775082514,0.5341913740960538,1.1765070279189733,0.17805029494719493,0.6957458207033159,0.7051162788381974,-0.5142697929290492,-0.15653541165951138,-0.38294898803151606,-0.07818340209299238,-0.8502920663250902,-0.8546203075336987,-0.4901847938082013
108,-0.48121513511877695,0.031477878950993035,-3.009812925812459,-9.307929797876879,-0.45621364850538193,-1.5469701942874228,0.32613131581138205,1.5422635420963293,0.7797464828904122,1.0950198986244568,-0.4937119040429891,-0.6820058034534122,-0.38294898803151606,-0.9894931207565328,-0.8502920663250902,-0.8546203075336987,-0.4901847938082013
109,-0.5895913632379091,-0.20676891397823552,-3.009812925812459,0.5179234631045814,0.16307924363462686,-0.11801350716235476,0.6649863732577403,0.1544360146785868,0.7498287640228638,0.8637919578854517,-0.9709707882210034,-0.7073622879187834,-0.09143286130611637,-0.07818340209299238,-0.8502920663250902,-0.8546203075336987,-0.4901847938082013
110,-0.20766754063067414,-0.22150380180868823,-3.009812925812459,-9.307929797876879,-1.064172489079328,-0.41447027137072084,0.7964376433320218,1.713113928201063,0.3579098620153113,0.7113987753385494,0.03315290780922512,-0.4224133036848961,-0.38294898803151606,-0.9894931207565328,-0.8502920663250902,-0.8546203075336987,2.5818637427294986
111,-1.0267932390500714,-0.4932839088355454,-3.009812925812459,-9.307929797876879,1.4860318463238362,-0.5519981430508168,1.1073384317738173,0.5687763663362446,1.4879360305315763,1.2097213091299805,-0.5743334555976292,-0.7059348976514667,-0.38294898803151606,-0.07818340209299238,0.11200507738234039,0.10959372624353225,-0.4901847938082013
112,1.2163369218964444,0.23463822785163022,-3.009812925812459,-9.307929797876879,-0.22509206722138478,0.8752043620375115,1.5896791889291413,1.7703700831109885,1.1348912480272821,1.2607712952912158,-0.5544333127897719,-0.5949937673949601,-0.2736304405094912,1.7444360352340886,-0.8502920663250902,-0.8546203075336987,2.5818637427294986
113,-0.7122881719804098,0.9543252555351359,-3.009812925812459,-9.307929797876879,-1.0275550697897802,-1.8048349536875994,-0.1956269194231728,0.4127037840940561,-0.6932822231754527,-0.6731189537747106,1.7900130317242657,1.3280123607258358,-0.38294898803151606,-0.07818340209299238,0.11200507738234039,0.10959372624353225,1.0458394744606487
114,-0.03640641995439703,0.026061061410322797,-2.0463715584592537,0.9332445519102062,1.6159002768723154,-1.1782411301655353,0.5786403891628694,-1.1103092202744902,1.1125665465169141,0.9929842653491703,-0.44902481468401856,0.3176268775890821,-0.38294898803151606,-1.9008028394200733,-0.8502920663250902,-0.8546203075336987,-0.4901847938082013
115,-0.005229840845072896,1.4082664874747328,-3.009812925812459,-9.307929797876879,-0.12187858346821337,0.5759409065703691,0.6723368945799308,0.7742273424320261,0.3079911819046884,0.35028107409356324,-0.44907958737816256,-0.4007722350151724,-0.38294898803151606,0.8331263165705481,0.11200507738234039,0.10959372624353225,-0.4901847938082013
116,0.7894797718269292,-0.3508948126734144,-3.009812925812459,-9.307929797876879,0.06433622135084617,1.3954947541333806,1.266594070854384,0.9456244408389597,0.4596586035502158,0.6326944667115726,-0.13658563212954863,0.04392544516140108,0.4915993921446827,1.7444360352340886,1.074302221089771,1.0738077600207632,-0.4901847938082013
117,0.8689605138259265,-0.436739115417003,-0.1149813926954759,-0.250922183912629,1.551947735464599,2.946191674607919,0.23549055867081417,0.09997826726300663,1.520335927097293,1.2952858348053458,-0.5805020070607393,-0.9042938913861406,-0.38294898803151606,-0.07818340209299238,-0.8502920663250902,-0.8546203075336987,1.0458394744606487
118,-0.7608262312905015,0.23471445023559104,-3.009812925812459,-9.307929797876879,-0.8464019156702912,-0.275188217653893,-0.1602903247920545,0.24113697583403126,-0.80114069825993,-0.7659676340933974,1.6327404788939306,1.18908017680506,-0.38294898803151606,0.8331263165705481,1.074302221089771,1.0738077600207632,-0.4901847938082013
119,0.128572594426122,-0.17492885919127846,-3.009812925812459,-9.307929797876879,-0.25394224258251685,1.4267191943872817,0.5731177637607194,1.5768621439934714,0.8602034657948938,0.9202522463879237,-0.22288738597667468,-0.31845364371435186,1.26984388197167,1.7444360352340886,1.074302221089771,1.0738077600207632,1.0458394744606487
120,-0.7347234046920331,-0.9721437685509983,0.3817275648315734,0.5413031058769715,-0.21674985371033792,-0.23870123128978482,-0.09321485139913424,-0.08481568744610574,-0.019592645210801507,0.2301534391192994,-0.5198766978097441,-0.5984387927316412,-0.1643118929874664,-0.07818340209299238,-0.8502920663250902,-0.8546203075336987,-0.4901847938082013
121,-0.2880121998301272,-0.6762494352934603,-3.009812925812459,-9.307929797876879,-0.478594694645316,0.8646792698170973,0.7562133040805601,0.9303026189802248,-0.2963766678303663,-0.2813936607367019,1.0934987207151867,0.5224328985292155,0.24698128099549602,1.7444360352340886,2.036599364797202,2.0380217937979936,1.0458394744606487
122,0.14148115596387917,0.6900688941191268,-3.009812925812459,-9.307929797876879,-0.9951023702289076,0.14441212553333777,-0.49723770189028255,-0.00990289451482611,-0.8249105400031221,-0.5136167933301375,0.015115270056435391,-0.020589339477695992,-0.38294898803151606,-0.07818340209299238,-0.8502920663250902,-0.8546203075336987,-0.4901847938082013
123,1.198845483910744,-0.08803426611391144,-3.009812925812459,-9.307929797876879,0.9067686898613235,0.041617058180614286,2.4443316731023974,2.0163902153841193,1.6428543275744567,1.5745384731289516,-0.1509082343668772,-0.33231066847458446,1.0510088982103125,0.8331263165705481,2.036599364797202,2.0380217937979936,1.0458394744606487
124,-0.8117890530897106,-0.928396631766827,-3.009812925812459,-9.307929797876879,-1.1756980321612682,-1.6536244621209633,-0.34947685574987886,0.5550532689392623,0.8319847793397952,0.7389796619698306,0.0994174719681636,-0.8021434674423972,-0.38294898803151606,-0.07818340209299238,-0.8502920663250902,-0.8546203075336987,-0.4901847938082013
125,-0.2396958509405599,0.1586286716519979,-3.009812925812459,-9.307929797876879,-3.2908635061180216,0.317023637948148,-1.4604632718301325,-0.32339673018428877,-0.5139278531011878,-0.3299079608438922,0.3001375920453065,-0.23711792108447155,-0.38294898803151606,0.8331263165705481,-0.8502920663250902,-0.8546203075336987,-0.4901847938082013
126,-0.3900297622204082,0.1744708928348043,-3.009812925812459,-9.307929797876879,-0.4696354805565617,-1.8048349536875994,-0.24366730244894508,0.27382943912569563,-0.8797936068231065,-0.6204576644062876,1.1943210121873764,0.620422074123211,0.4915993921446827,-1.9008028394200733,-0.8502920663250902,-0.8546203075336987,1.0458394744606487
127,0.12309808110937108,-0.5436278374626353,-3.009812925812459,-9.307929797876879,0.20136385746089638,3.7903040706852384,-1.0927659732274677,-0.6702444778071114,-0.036815679779067086,0.04797235165701775,0.2003857672440346,0.9660571597140254,-0.38294898803151606,1.7444360352340886,-0.8502920663250902,2.0380217937979936,-0.4901847938082013
128,-0.10076303156772938,-0.23123149555773467,-0.6033917518635273,-9.307929797876879,0.6905113544426392,-2.229347006577688,-0.9101433220247467,-0.07251622862438557,-0.12518688021010158,0.04318561902118251,0.3296882939017646,0.19266453327408128,-0.38294898803151606,-0.9894931207565328,-0.8502920663250902,-0.8546203075336987,1.0458394744606487
129,0.09055854179281182,-0.006168028624559039,-3.009812925812459,-9.307929797876879,-0.13654898063012524,-1.5469701942874228,-0.8229452532145352,0.9400662050912519,0.07204255641901208,0.46151568915610464,0.17413906560397366,-0.4398529030929696,-0.38294898803151606,-1.9008028394200733,-1.812589210032521,-1.8188343413109296,1.0458394744606487
130,-0.47486357898551923,-0.3240543353357633,-3.009812925812459,-9.307929797876879,1.5512033254116557,1.4488218880501509,2.112382265057832,1.2895097599085092,1.8325504521511344,1.7284665233972498,-0.5367064964752452,-0.3343948712647804,1.8856657013331204,-0.07818340209299238,1.074302221089771,1.0738077600207632,1.0458394744606487
131,-0.06627871216162072,-0.30731582704614524,-3.009812925812459,-9.307929797876879,0.1832648372263784,1.0144864157543432,0.8901441418207167,0.8995758122983583,1.2267860628345146,1.2901738954813333,-0.6582235531885079,-0.36390144351263387,-0.38294898803151606,1.7444360352340886,0.11200507738234039,0.10959372624353225,-0.4901847938082013
132,0.019761822806249028,-0.6377777148659366,-3.009812925812459,-9.307929797876879,0.5159986719754474,-0.8649442184045033,-0.4231924750201663,-0.549050920644833,0.006054215031585995,-0.16517272840422706,-0.189833437222955,-0.43684507417516183,0.4915993921446827,-0.07818340209299238,0.11200507738234039,0.10959372624353225,-0.4901847938082013
133,-0.06390587175141961,1.0197511881216605,-3.009812925812459,-9.307929797876879,1.3465884184210193,2.8939170499131897,-1.279370956711918,-1.3470561536576502,-0.7508933717537258,-0.5056471248985236,-0.08667742837876677,0.6596328691429422,-0.38294898803151606,-0.07818340209299238,0.11200507738234039,0.10959372624353225,1.0458394744606487
134,-0.05109057551278778,0.0815029337348733,-3.009812925812459,-9.307929797876879,-0.36849037801575524,0.3250928753171353,0.3030100987912398,1.4432259691690532,0.6446491370793839,0.9617564006351712,-0.3333775437192509,-0.44094852748579033,-0.38294898803151606,0.8331263165705481,2.036599364797202,2.0380217937979936,-0.4901847938082013
135,0.7644258374700588,0.07349366199190371,-3.009812925812459,-9.307929797876879,-0.3095121640182065,0.25878479432851614,0.5890758681886197,1.4010476151250708,0.7063881885750257,0.9655628907388816,-0.5038886900642829,-0.5857166250419398,-0.2580135051492019,0.8331263165705481,1.074302221089771,1.0738077600207632,1.0458394744606487
136,-0.4820619672749598,1.1546666330525275,-3.009812925812459,-9.307929797876879,0.3923867744602267,-0.11801350716235476,0.2820443136153316,-0.3624533051409882,0.18305131844939865,0.35245642224319684,-1.0499838662389525,-0.43314441491561473,0.4915993921446827,-0.07818340209299238,0.11200507738234039,0.10959372624353225,-0.4901847938082013
137,-0.9865238422066098,0.9454323758813692,-3.009812925812459,-9.307929797876879,0.6264775088133178,0.7201346699900584,1.1606360749591824,0.6851276290254827,0.7494770446572069,0.9701708613163909,-0.45653013697855876,0.18005773051101034,-0.1330780222668878,0.8331263165705481,-0.8502920663250902,-0.8546203075336987,-0.4901847938082013
138,-1.1302590478154184,-0.18498469172654913,-3.009812925812459,-9.307929797876879,0.9451446746860173,-0.23870123128978482,1.1622193472510518,0.8484571083445434,1.2540309009408193,1.2406564844529349,-1.0887897448611596,-1.0075920093304467,-0.38294898803151606,-0.9894931207565328,-0.8502920663250902,-0.8546203075336987,-0.4901847938082013
139,0.12915659751266861,-0.07550247663957003,-3.009812925812459,-9.307929797876879,0.2157071941655709,0.07459568047124719,0.3680621405197918,0.9225085139980087,0.23951576834002009,0.40595333285504587,-0.3873378224416521,-0.46724477682926646,-0.38294898803151606,-0.07818340209299238,-0.8502920663250902,-0.8546203075336987,1.0458394744606487
140,0.3681925032797932,1.959424104576735,-3.009812925812459,-9.307929797876879,-0.022827088861641805,-0.70847118072766,-0.08526021483495924,0.620599496963483,0.023595677493066316,0.33291782620849225,-0.5912701484505742,-0.5969909588068769,-0.38294898803151606,-0.07818340209299238,-0.8502920663250902,-0.8546203075336987,-0.4901847938082013
141,-0.5101330908622221,-0.39697561665308667,0.07297503178425127,-0.2622597841381297,0.5986526511247133,-0.23870123128978482,-0.04354357665134005,-0.7844644359687603,-0.1457675663313119,-0.28865102369680645,-0.09198881467758635,-0.12031755183053332,-0.1643118929874664,-0.9894931207565328,-0.8502920663250902,-0.8546203075336987,-0.4901847938082013
142,0.3369541726822137,1.3820210594435378,-3.009812925812459,-9.307929797876879,-0.7047882454045904,-0.42639870922052914,-0.5589373260201116,0.39838511627372747,-0.43535068350893813,-0.1808561800976666,-0.0821323399321437,-0.40880384226019745,-0.38294898803151606,-0.07818340209299238,-0.8502920663250902,0.10959372624353225,-0.4901847938082013
143,0.46544679583015275,-0.7328403914839308,-3.009812925812459,1.0577002516550595,0.6626242086384869,1.210253131054071,1.4205295478973494,1.3227155307945797,1.2039793330744681,1.3645553310329035,-0.6568797757059148,-0.5584349299046191,0.7630335825515361,0.8331263165705481,1.074302221089771,1.0738077600207632,1.0458394744606487
144,-1.2601715583257849,-0.7710410138832557,-3.009812925812459,-9.307929797876879,-1.3066500978452777,-1.5308317195494519,0.43212652217619857,0.44521037811275554,0.5287901793452192,0.4371525658992397,0.25333764074938686,-0.42598955739619454,0.4915993921446827,-0.9894931207565328,-1.812589210032521,-1.8188343413109296,-0.4901847938082013
145,-0.31704845050779534,1.4331191807568557,-3.009812925812459,-9.307929797876879,-0.5756276564352837,-0.6088336410410624,0.25957226070546324,-0.20700549642579158,-0.24720413439586872,-0.3490946175210682,-0.2561154843377699,-0.04132130685536814,-0.38294898803151606,-0.07818340209299238,0.11200507738234039,0.10959372624353225,-0.4901847938082013
146,-0.5421435297878412,-0.46981525684990527,-3.009812925812459,-9.307929797876879,-0.2879536239016151,-0.4439405295878862,0.7246234667920457,0.9919223703654841,1.0990472985695658,1.2097507581589435,-0.8092258926741692,-0.801966563834486,-0.38294898803151606,-0.07818340209299238,-0.8502920663250902,-0.8546203075336987,-0.4901847938082013
147,1.1874378469523015,1.1557930753343435,-3.009812925812459,-9.307929797876879,-0.1838214833442475,-1.467330329819613,-0.10045736255996544,0.9634847836637149,-0.11611734868240929,0.08251118530993651,0.5705223025719157,0.1851256843978139,0.4915993921446827,-0.9894931207565328,-0.8502920663250902,-0.8546203075336987,1.0458394744606487
148,1.2945115628213946,-0.3825340022104561,-3.009812925812459,-9.307929797876879,0.964010601534648,0.21914028029828603,0.5546983183649884,-0.5230232796492144,0.4211446760093221,0.2544472052831442,-0.2901730061483321,-0.534291872130855,-0.38294898803151606,-0.9894931207565328,-0.8502920663250902,-0.8546203075336987,-0.4901847938082013
149,0.5411778021178889,0.5100455763581565,-1.0731888490278458,1.596341119599394,1.457317180299106,-0.050652916951694944,-1.026703041191647,-1.0921171484489602,0.41602052703638226,0.6286722967820432,-1.362907131818003,-1.0919014366363093,-0.38294898803151606,-0.9894931207565328,-1.812589210032521,-1.8188343413109296,-0.4901847938082013
150,-0.24921451854493634,-0.31182295987329856,-3.009812925812459,-9.307929797876879,-0.9614832016099581,-0.26396145261878373,-0.9615587506763351,-0.2737165478694039,-1.234004007249386,-0.8865670770950055,0.530546367338789,0.3088972514144431,-0.38294898803151606,-0.9894931207565328,0.11200507738234039,0.10959372624353225,1.0458394744606487
151,-0.1600593304800601,-0.7003931414250233,-3.009812925812459,1.760287908210313,1.0321041321925226,-0.8744168014028769,-0.5795402951237809,0.5301093733415916,0.25051693138635267,0.207906165538752,0.5168829175887953,-0.29787417245425785,-0.38294898803151606,-0.07818340209299238,0.11200507738234039,0.10959372624353225,-0.4901847938082013
152,-0.38986977167262143,-0.7949584804600042,-3.009812925812459,-9.307929797876879,0.46541680114447576,0.6313730589312206,-0.3784429629278884,-0.38287341998341573,0.023344928799916915,-0.00483495089542301,-0.42107911376039003,-0.510982743336751,-0.38294898803151606,0.8331263165705481,0.11200507738234039,0.10959372624353225,-0.4901847938082013
153,0.5007660693652568,-0.09497161624622366,-3.009812925812459,0.7360032341605226,0.3368636655862465,0.0009200349283395933,0.5360326407397199,1.5544048189935358,0.7903298430833255,1.2394999718812965,-0.5535919810654469,-0.7027557176500762,-0.38294898803151606,-0.9894931207565328,-1.812589210032521,-1.8188343413109296,1.0458394744606487
154,-0.9266867539214445,-0.21594629845031493,-3.009812925812459,-9.307929797876879,-1.4017392009784646,-1.0740427171834217,-0.9615845901835612,0.19319356352784872,-0.8414491416125566,-0.5352263773639406,0.20029462648686147,0.00824354214577287,-0.38294898803151606,0.8331263165705481,-0.8502920663250902,-0.8546203075336987,-0.4901847938082013
155,-1.579329745695633,-0.5984375767590714,-1.4957065682898385,1.7734126937295702,-0.6517186434001631,0.45420067322089447,-0.5958252271903465,0.09961039485974321,-0.5659785668255918,-0.18793679747041114,-0.16037848638218827,-0.19772692223935207,-0.033129635961036456,-0.07818340209299238,0.11200507738234039,0.10959372624353225,1.0458394744606487
156,-0.2933909791199919,1.1509616132500442,-3.009812925812459,-9.307929797876879,-0.33926691685889665,-0.026796041252086174,0.22236848676577775,1.2136136501292454,0.3982103261496138,0.47935397008075764,0.19026726832546476,-0.3754442447641055,-0.38294898803151606,0.8331263165705481,0.11200507738234039,0.10959372624353225,-0.4901847938082013
157,-0.35896135823671754,0.08628714337805102,-3.009812925812459,-0.047698282576020684,0.8037735424451972,0.3068493821350793,0.8216826053334166,-0.11978646836350527,0.8151451189353172,0.655145012522966,-0.21062521835103845,-0.13923500194175864,-0.38294898803151606,-0.07818340209299238,-0.8502920663250902,-0.8546203075336987,-0.4901847938082013
158,-0.3830287029520279,-0.9785650674372028,-3.009812925812459,-9.307929797876879,0.6447022607323555,-1.1782411301655353,0.3454162337629734,-0.02080567412444691,0.2943935627636946,-0.04629034771274677,0.6637604916178743,0.4318492344065948,0.4116309474915652,-0.07818340209299238,1.074302221089771,1.0738077600207632,-0.4901847938082013
159,-1.4070580798233037,-0.16186753855978073,-3.009812925812459,-9.307929797876879,-0.1403245123879463,0.909937166364884,1.6394402961372412,1.8308858747835106,0.7470297980364636,1.0326362478299076,-0.0006152546800850986,-0.023563793501643355,-0.38294898803151606,0.8331263165705481,0.11200507738234039,0.10959372624353225,2.5818637427294986
160,-1.0207993059198728,0.09127427695167128,-3.009812925812459,-9.307929797876879,-0.07383712652829746,0.6552299346308293,1.8715793347316847,2.503712802633713,1.321589902947431,1.557745386823661,-0.4549662436344239,-0.4872043164400697,0.054325202056583415,-0.07818340209299238,0.11200507738234039,1.0738077600207632,2.5818637427294986
161,0.09061481884589731,1.1640677324945476,-3.009812925812459,-9.307929797876879,0.6438579653453713,-0.4439405295878862,0.9626539358620237,0.7699611631080507,0.7629858348314483,1.1074873198841075,-1.0139866716785277,-0.7688541734871913,0.4191274273430577,-0.07818340209299238,-0.8502920663250902,-0.8546203075336987,-0.4901847938082013
162,0.9028612527777756,0.0994607552254241,-3.009812925812459,-9.307929797876879,0.4011641014257408,-0.07731648391008396,1.1839422777866389,1.728919281283252,1.2656699203132253,1.4953757051089516,-0.6692354821970233,-0.8334350207873068,-0.2580135051492019,0.8331263165705481,1.074302221089771,1.0738077600207632,-0.4901847938082013
163,-0.5914025300033283,0.832431442305669,-3.009812925812459,-9.307929797876879,-0.9974860415381733,-1.4490868366375607,-0.09196057672625446,0.854892296359774,-0.2079730418485167,0.053282182171405026,-0.09968567780610982,-0.4509048206804615,-0.38294898803151606,-0.07818340209299238,-1.812589210032521,-0.8546203075336987,-0.4901847938082013
164,-0.7451264819737903,-0.06461389775205605,-3.009812925812459,-9.307929797876879,-2.1067370086209336,-0.34289964427189845,0.043062284756990074,0.4228005438015365,0.32419613385174423,0.5619872670663469,-0.6565685300249087,-0.4472159812813269,-0.38294898803151606,-0.07818340209299238,-0.8502920663250902,-0.8546203075336987,-0.4901847938082013
165,-0.7529656989888585,-0.5925578601714226,-1.2718924857450005,0.5937678032816125,1.2898671678120441,0.18861751285908,0.8112089235731929,0.15567906354126296,2.051754689906675,1.770053084435481,-1.0982746356787998,-1.0680210813045372,0.054325202056583415,-0.9894931207565328,0.11200507738234039,0.10959372624353225,-0.4901847938082013
166,-0.36037393057151484,0.5738972139746685,-0.8186443436433237,2.1231578721528823,-1.2847999059688762,-0.4439405295878862,-0.1434852159361592,0.5800657459088983,0.5891298549200148,0.6612206156673212,-0.3935802935462291,-0.8671287636750165,-0.38294898803151606,-0.07818340209299238,-0.8502920663250902,-0.8546203075336987,-0.4901847938082013
167,-0.5198787773650262,0.9467352697013065,-0.06872857220120675,-9.307929797876879,-0.19208216840383377,-0.026796041252086174,0.5701239064164019,0.9700766760095245,0.1421544906215066,0.4491801844415385,-0.19612100267785268,0.05689151460662237,-0.38294898803151606,-0.07818340209299238,0.11200507738234039,0.10959372624353225,-0.4901847938082013
168,-0.2647913532945552,-0.7825851447527474,-2.049166375591724,3.118843607847498,0.8598321119954053,-0.6088336410410624,-0.40425751437072444,0.380017560128979,1.2143768373968318,1.3574657798917296,-1.170095839062319,-1.300627438772452,-0.38294898803151606,-0.07818340209299238,-0.8502920663250902,-0.8546203075336987,-0.4901847938082013
169,-0.8438289122033784,0.06922378017512497,-3.009812925812459,-9.307929797876879,-0.6164133899376075,0.5341913740960538,-0.9676880381993064,-0.6179871175259198,-0.8764253740124412,-0.6060265731953753,-0.14761339556375266,-0.2690727613996047,-0.033129635961036456,-0.07818340209299238,0.11200507738234039,0.10959372624353225,-0.4901847938082013
170,-0.5587383068859694,0.8395359467945476,-3.009812925812459,-9.307929797876879,0.3602289479801897,0.6071653468242663,1.361837482340494,1.5853592680866444,0.7681013935065116,0.9279306126665852,0.14809901432248637,-0.06430695230865077,-0.38294898803151606,0.8331263165705481,0.11200507738234039,0.10959372624353225,-0.4901847938082013
171,0.2965682760615629,-0.510210155813696,-1.9841169274578894,0.7852644385120968,1.9012753499501358,-1.6294167500140089,0.8990507128506618,-0.6307312740026862,0.6806889447388642,0.6979001613904755,-0.5690239481208721,0.06540015859771985,1.2418849525935316,-1.9008028394200733,-0.8502920663250902,-0.8546203075336987,-0.4901847938082013
172,-0.854199823357979,-0.41883231579034075,-1.8332659902095914,2.560532105526756,-0.15395380002178688,-2.3528414219638942,-1.6852699874554606,-1.3636583724923066,-1.7933172518452802,-1.5334095476962897,0.4500940234441854,0.42107524651306216,-0.23719092466881622,-2.812112558083614,-1.812589210032521,-1.8188343413109296,1.0458394744606487
173,-0.08846802857889643,-0.845952952460561,-3.009812925812459,-9.307929797876879,1.5519108120059162,-0.34289964427189845,-0.38260637418465976,-1.0377650185846583,-0.31489520868660914,-0.48224231033883147,-0.23335749860818675,-0.37488892378589217,0.4915993921446827,-0.07818340209299238,-0.8502920663250902,-0.8546203075336987,-0.4901847938082013
174,-0.4398389900903422,-1.0153467086108816,-3.009812925812459,-9.307929797876879,0.7112750803115077,-0.515160320279363,0.27023425399562667,1.6661677526107568,1.0972595156782403,1.1655287170219586,-0.16520564315267547,-0.7804291138896884,-0.38294898803151606,0.8331263165705481,-0.8502920663250902,-0.8546203075336987,-0.4901847938082013
175,1.4423303164796863,-0.5313765564655261,-3.009812925812459,1.9686160465501092,-0.7502072150193805,-0.4439405295878862,0.7390956200714148,1.0710128351999102,1.1044319142921708,1.3979595909580764,-0.678663665747689,-0.7192037703035469,-0.09143286130611637,-0.9894931207565328,0.11200507738234039,0.10959372624353225,-0.4901847938082013
176,0.2312754274747094,0.0032592671413044926,-3.009812925812459,-9.307929797876879,-0.5540098098716529,1.1186848287364568,0.45660394798324877,0.7274905076980316,0.6006303310213518,0.7512041853346073,-0.5405574894293339,-0.573788625037817,-0.38294898803151606,0.8331263165705481,0.11200507738234039,0.10959372624353225,-0.4901847938082013
177,-0.353051564928068,0.6742210375932853,-3.009812925812459,-9.307929797876879,-0.1290035039686603,0.8264381014162533,-0.20260382608230115,0.7504639072628237,0.5620936307202369,0.8734183073586714,-0.5878136435275156,-0.788895785561984,-0.38294898803151606,0.8331263165705481,2.036599364797202,2.0380217937979936,-0.4901847938082013
178,-0.9051775873616498,1.1703576205965474,-3.009812925812459,0.6286802153881996,-0.4612708238692788,-1.9560454452542353,-0.557121463659692,0.32350467465439847,0.12023399523274528,0.5180969843497899,-0.5747603272527402,-0.39311133989326935,-0.18860490354791629,-0.07818340209299238,-1.812589210032521,-1.8188343413109296,-0.4901847938082013
179,0.32629418215031714,-0.9395257128824425,-3.009812925812459,-9.307929797876879,-0.41564618221270455,-0.42639870922052914,1.518605522687851,1.753286261011525,1.2301884170806647,1.332614905167062,-0.37211452849500887,-0.5589377519940109,0.27296229710063336,0.8331263165705481,0.11200507738234039,0.10959372624353225,1.0458394744606487
180,1.005500099929144,2.164710419831727,-3.009812925812459,-9.307929797876879,0.09015919056672854,-0.09941917757295313,1.143072203003863,0.1502547365249671,-0.14246061324026102,-0.1008900239868597,-0.05348915304688784,0.5898983261027418,1.6994395400016584,-0.9894931207565328,-1.812589210032521,-1.8188343413109296,1.0458394744606487
181,-1.819410591152426,-0.008617237464636466,-3.009812925812459,-9.307929797876879,-0.24484605871710327,-0.18923329785383158,1.4871976570076646,1.3905408408964925,0.697196101885395,0.7518843144842564,-0.17604040307822436,-0.27620738775512166,0.4915993921446827,0.8331263165705481,1.074302221089771,1.0738077600207632,2.5818637427294986
182,0.0811001365562431,0.0014337340207416604,-0.7484950791824235,0.6710731269976464,0.5056875510714275,0.3878925922322792,-0.1429073935630771,-0.23466888199912952,0.702894152282445,0.7379789716459402,-1.0641597122208086,-0.8621904982161513,-0.38294898803151606,0.8331263165705481,1.074302221089771,1.0738077600207632,-0.4901847938082013
183,0.0509312233579203,0.4325054908760693,-3.009812925812459,-9.307929797876879,-0.633395336219121,-1.1122838855842656,-0.2711345383172021,0.47904939561157756,-0.5258892350116656,-0.24757920011392937,0.381953863110419,0.01618323846660109,-0.38294898803151606,-0.9894931207565328,0.11200507738234039,0.10959372624353225,1.0458394744606487
184,0.08347572733652918,0.6721136555953036,-3.009812925812459,-9.307929797876879,-0.14639344894598869,-0.2699256715436859,0.7425179919958401,1.3478511507707105,0.2918587941891104,0.5996756485036968,0.0022390317163911116,-0.028415899260998058,0.4915993921446827,-0.07818340209299238,0.11200507738234039,0.10959372624353225,1.0458394744606487
185,-0.5863048676935213,-0.810925046250863,-0.9166899216102292,2.1441792393494024,-0.6953959631360802,-1.1301765423589722,-0.3893324174226149,0.4406554189967873,1.0228471101178078,0.9615750075051356,-0.413333149290048,-1.0756580132618077,-0.38294898803151606,-0.07818340209299238,0.11200507738234039,0.10959372624353225,-0.4901847938082013
186,-0.2222025969452874,0.4525904060486333,-3.009812925812459,-9.307929797876879,1.2719143432110456,1.605996598541689,1.090569280457478,0.9353393406911603,1.6643037445831883,1.5707582114360834,-0.8703960128918783,-1.1253915035799094,-0.38294898803151606,0.8331263165705481,0.11200507738234039,0.10959372624353225,-0.4901847938082013
187,0.20292806400642066,-0.20166100018835392,-3.009812925812459,-9.307929797876879,0.2821251579304141,-0.14151954645461404,-0.04451644692038126,0.5023147188054786,0.3963364723444294,0.6375623389263047,-0.7121462511005999,-0.5453297286090815,0.5143250285523046,-0.07818340209299238,-0.8502920663250902,-0.8546203075336987,-0.4901847938082013
188,0.406180822655629,0.22455980419999041,-3.009812925812459,-9.307929797876879,-0.5917538912746758,-0.34289964427189845,-0.1493096094966458,1.0276898204975122,0.1473648404646264,0.3862506642355438,-0.1481908443173221,-0.5862956970012373,-0.38294898803151606,0.8331263165705481,0.11200507738234039,0.10959372624353225,-0.4901847938082013
189,-0.25031834142090453,-0.1868966838209597,-1.1890628531306366,0.2920963213572022,-2.1433487202157098,-2.1181318654486314,-0.30019639115961755,-0.9195549480281026,-0.6676932605959179,-0.6204750898353285,0.04900411908311237,-0.06552548733800105,-0.38294898803151606,-1.9008028394200733,-1.812589210032521,-1.8188343413109296,-0.4901847938082013
190,0.7031496297015811,-0.25608952808808844,-3.009812925812459,-9.307929797876879,-0.2572738429701642,0.3878925922322792,0.17940006757349675,0.4311855963505908,-0.09439824042858304,0.11694594738848568,0.3143936298868055,0.4187465694405618,-0.38294898803151606,1.7444360352340886,1.074302221089771,1.0738077600207632,-0.4901847938082013
191,-0.5539017180625256,-0.1917952850623263,-3.009812925812459,-9.307929797876879,-0.3159919515186813,1.4561894526044432,2.0677115899854814,1.9081118152154706,1.2025407222481057,1.219583676344638,-0.45126036892533816,-0.44432742235706435,0.5796160542953002,3.5670554725611696,1.074302221089771,1.0738077600207632,1.0458394744606487
192,0.7733165086913861,-1.4335540859345726,-3.009812925812459,-9.307929797876879,0.15893150844273587,-0.9926486706788762,-0.46352672210860657,-0.2493936114158478,-0.04827643404813826,0.12395417978015158,-0.5163147748478283,-0.7027168447624871,0.3546736831958229,-0.9894931207565328,-0.8502920663250902,-0.8546203075336987,-0.4901847938082013
193,-0.5160735047684015,-0.24562532493223044,-3.009812925812459,-9.307929797876879,0.4274194304690737,0.6001486186773234,0.8542331109730075,0.7063851540991486,0.5814822061422845,0.7808528121787833,-0.18501803253049054,0.06635241908531977,-0.1330780222668878,-0.07818340209299238,0.11200507738234039,0.10959372624353225,-0.4901847938082013
194,-0.09596848595168599,0.07752877757563374,-3.009812925812459,-9.307929797876879,-0.857138356999809,0.317023637948148,0.13640269211723693,0.2493690597564433,-0.0009288024273747475,0.16187673469638458,-0.47779444789419406,-0.24250597080718073,0.4915993921446827,-0.07818340209299238,-0.8502920663250902,-0.8546203075336987,-0.4901847938082013
195,1.0494140812195691,1.0506417029171076,-0.1824419402701315,0.022571382011722783,0.6920617184347138,-0.24887548710285348,0.222743358951329,1.4339665658915222,0.8917872199388798,1.2685013904620017,-0.7682469664408886,-0.980731338573495,0.2958186034445413,-0.9894931207565328,-0.8502920663250902,-0.8546203075336987,-0.4901847938082013
196,-0.4892181180666618,-1.4718941221317374,-3.009812925812459,-9.307929797876879,-1.9130811770664622,-0.8302114140771307,0.23054745032662666,0.2112405902691121,-0.19018965029593743,-0.16429772227329048,0.30994393478790255,0.415981603415939,-0.38294898803151606,-0.07818340209299238,0.11200507738234039,0.10959372624353225,-0.4901847938082013
197,-1.8945985841998922,-0.6046599915287283,-3.009812925812459,-9.307929797876879,-1.0938138060731069,1.0685152224858085,0.8559252593852832,0.03875806597565633,0.7179052523426639,0.6276256449670533,-0.4665809003346307,-0.3314500507830232,-0.38294898803151606,0.8331263165705481,0.11200507738234039,0.10959372624353225,-0.4901847938082013
198,-1.0379541964820362,0.1142057657765638,-3.009812925812459,-9.307929797876879,0.03866265434141408,-0.5519981430508168,-0.40868807319083045,0.4299607577515419,0.5796373300884925,0.6716765371941057,-0.3686605174091072,-0.8941971341264529,-0.38294898803151606,-0.07818340209299238,0.11200507738234039,0.10959372624353225,-0.4901847938082013
199,-0.3830175312548105,-1.163973346709421,-3.009812925812459,-9.307929797876879,0.25378439559657684,-1.1782411301655353,-1.3112775995103068,-1.4805842303263221,-1.1862414946648296,-1.2471045215957406,0.3672133454148517,-0.011015888606456983,-0.38294898803151606,-0.9894931207565328,-0.8502920663250902,-0.8546203075336987,-0.4901847938082013
200,-0.2998730183173273,0.10076782025528384,-3.009812925812459,-9.307929797876879,-0.12983324706080265,0.07459568047124719,0.9438789082978908,0.409668298187431,0.5608814123424922,0.7598556791161188,-0.9210454907034764,-0.6752729349614685,-0.38294898803151606,-0.07818340209299238,-0.8502920663250902,-0.8546203075336987,-0.4901847938082013
201,-0.17784807927382754,0.9074791714763301,-3.009812925812459,-9.307929797876879,-0.11744086333728798,0.03424949362632197,1.0459369436343515,0.8648055729401762,0.9147530390152042,0.8807933380100803,-0.50538036526389,-0.5879336103500834,0.4915993921446827,0.8331263165705481,1.074302221089771,1.0738077600207632,-0.4901847938082013
202,-0.6638594991631483,-0.5431956602907764,-3.009812925812459,-9.307929797876879,-1.8914793436169932,-1.0908828647360875,-0.4931910092577594,1.0659483314990772,-0.35972563824949716,-0.10702150567537715,0.7005362011157298,0.13738557937317522,-0.38294898803151606,-0.07818340209299238,0.11200507738234039,0.10959372624353225,1.0458394744606487
203,0.5040828051715482,0.07309171927275222,-1.1435305640868934,1.0512317043921517,1.8330202126615756,0.8264381014162533,0.7455510817753014,-1.1678423780870488,0.7902103591655185,0.7316319907477437,-1.4346446686017642,-0.8029914278294843,0.45908567145497925,-0.9894931207565328,-1.812589210032521,-1.8188343413109296,-0.4901847938082013
204,-0.5547515875488328,0.46996655794926356,-3.009812925812459,1.7533101498921748,0.6100049741080271,-1.5308317195494519,0.6213676848927255,1.4153017094754057,1.3538179608516907,1.452240098408538,-0.046374229224434196,0.05100168872890071,0.4915993921446827,-0.9894931207565328,0.11200507738234039,0.10959372624353225,-0.4901847938082013
205,-0.5157248167711712,0.27952451554592456,-3.009812925812459,-9.307929797876879,0.25371633577582464,0.25878479432851614,0.5918504660868454,1.3366054633207598,0.915735497802639,1.0835758200061207,-0.3605255429007184,-0.43166676192243436,-0.38294898803151606,1.7444360352340886,1.074302221089771,1.0738077600207632,-0.4901847938082013
206,0.7620930486495006,-0.6139339610477326,-3.009812925812459,-9.307929797876879,0.6575533153559809,0.3878925922322792,2.4419904043970466,2.3736460985863586,1.5044495868498873,1.4040473689383968,0.2668530405574166,-0.28956131241996774,0.8337327745036729,1.7444360352340886,2.036599364797202,2.0380217937979936,1.0458394744606487
207,-0.5579584236772623,-0.30186616904959856,-3.009812925812459,-9.307929797876879,-0.7138932145141784,-0.5677857813814382,-0.7054451887234229,-0.6616884636413636,-1.0982426563784429,-1.2334065049928067,1.6814270518318413,1.1897575412116241,-0.38294898803151606,-0.07818340209299238,0.11200507738234039,0.10959372624353225,-0.4901847938082013
208,0.03895810871168522,0.27151611308541346,-3.009812925812459,-9.307929797876879,-0.3456614209725055,-0.26396145261878373,0.20340478481354965,0.4250923831753702,-0.2842683325754317,-0.007806231250583446,0.25684897746300644,0.5508857434111618,-0.38294898803151606,-0.07818340209299238,0.11200507738234039,0.10959372624353225,-0.4901847938082013
209,-0.32131178040286734,-0.532637080108111,-3.009812925812459,-9.307929797876879,-0.35036869354373257,-1.5308317195494519,-2.251796243392359,-2.4093268598172277,-2.1477649499896216,-2.357839094021025,1.734800301351093,1.635434398940181,-0.38294898803151606,-0.9894931207565328,-0.8502920663250902,-0.8546203075336987,1.0458394744606487
210,-0.5552753764227362,-0.49686296195498203,-3.009812925812459,0.95421843647897,0.892893664241657,0.022321055776517586,1.4341592294560248,0.8289902925211449,1.742189608833286,1.8847472292826253,-1.3186584346654993,-1.1656193564763375,-0.09143286130611637,-0.07818340209299238,0.11200507738234039,0.10959372624353225,-0.4901847938082013
211,-0.10455931675991091,-0.8842806288711647,-1.469364893044268,3.686325130936046,-0.054338094987805785,-1.8048349536875994,0.29981436903305675,0.8344101671990892,0.886793954008321,1.0054684302987233,-0.11613722547154903,-0.4447373406345498,-0.38294898803151606,-0.9894931207565328,0.11200507738234039,0.10959372624353225,1.0458394744606487
212,-1.0590930717174896,-0.5530116001796905,-0.19664128824569865,0.46137998928110874,1.35820686236242,-1.8048349536875994,0.2909341013633007,-0.04161471149310897,0.4873826550904662,0.43383396048112355,0.008011166015572542,-0.10871033355188259,-0.38294898803151606,-0.9894931207565328,-1.812589210032521,-1.8188343413109296,-0.4901847938082013
213,-0.8956658056283925,-0.7183355163093127,-3.009812925812459,0.7694888381125189,1.2593025313992716,-0.24887548710285348,2.5842365628859296,1.4352027855713545,2.057633838645482,1.749351367830294,-0.541905418274829,-0.49759375932517147,1.0413847297973724,-0.07818340209299238,1.074302221089771,1.0738077600207632,-0.4901847938082013
214,-0.23925460465079584,0.3675468926259543,-3.009812925812459,-9.307929797876879,-0.7633553033071575,-1.3431342416187075,-0.6259119184105428,0.34492629198440583,-0.6009712692554924,-0.3671722820132272,0.2335017309672517,0.13482922773942674,-0.38294898803151606,-0.9894931207565328,-0.8502920663250902,-0.8546203075336987,1.0458394744606487
215,1.3781121252018438,0.022010572340790527,-3.009812925812459,-9.307929797876879,0.4294350540374678,1.3625161318427477,1.2215756341703472,1.690107504224847,1.1184435405881759,1.3650514579352608,-0.41261589055228026,-0.5935415643247177,-0.38294898803151606,0.8331263165705481,0.11200507738234039,0.10959372624353225,1.0458394744606487
216,-1.726588576141721,-0.05886082073432229,-3.009812925812459,-9.307929797876879,-1.7336189235187232,1.673357188752349,-0.38111972161754526,-0.4054874028618449,-0.19255082837541315,-0.026654244969035776,-0.3183147824048099,-0.28033672297753237,-0.38294898803151606,0.8331263165705481,1.074302221089771,1.0738077600207632,-0.4901847938082013
217,0.31980430333531024,-0.2934953448347972,-3.009812925812459,-9.307929797876879,-0.3578903473466208,0.27246741421505627,1.0085470960404177,2.062581186615207,0.944885854569088,1.2403127068603497,-0.36369311182427166,-0.6430335932772687,0.4915993921446827,1.7444360352340886,1.074302221089771,1.0738077600207632,1.0458394744606487
218,-0.13700561574037043,-0.8334963193274425,-3.009812925812459,-9.307929797876879,-0.483473618618306,-1.3431342416187075,-1.2394331235555311,-0.18943455229531528,-1.2988937231473203,-1.0274567614466783,0.840133514867927,0.275547395168675,-0.38294898803151606,-0.9894931207565328,-0.8502920663250902,-0.8546203075336987,1.0458394744606487
219,0.6376519839781645,-0.13405135232784168,-3.009812925812459,-9.307929797876879,-0.5123271676991904,0.4924418416217384,0.4871308464950574,0.9085094829263666,-0.12276347594884432,-0.09410821613911978,0.837416278054479,0.2582289415905771,-0.38294898803151606,0.8331263165705481,1.074302221089771,1.0738077600207632,-0.4901847938082013
220,-0.3850550969121069,-1.013955042247095,-3.009812925812459,1.7243557999627857,1.0248045861193649,-0.4555181310303411,0.5804385570179054,0.713262840823811,1.2828812878064708,1.416614396890329,-1.0817495465306617,-1.1558664450825256,-0.09143286130611637,-0.07818340209299238,1.074302221089771,1.0738077600207632,-0.4901847938082013
221,-0.32702915773324814,1.6254422084514515,-0.8759279560298937,0.9358785831785194,0.17940474939096024,0.4924418416217384,-0.48608119361282787,-0.4500245002909095,0.7642373662581071,1.0472533450700938,-1.4165257456770695,-1.1447305430660621,-0.38294898803151606,-0.9894931207565328,-1.812589210032521,-1.8188343413109296,-0.4901847938082013
222,1.2005470629105588,0.9300256265745095,-3.009812925812459,-9.307929797876879,1.3537164687604648,1.673357188752349,1.6645600800260123,0.9259386843593864,1.4051550928868928,1.3157109508205034,-0.9675929418660398,-0.8333870306803799,-0.2580135051492019,-0.07818340209299238,-0.8502920663250902,-0.8546203075336987,-0.4901847938082013
223,-0.873237973461971,1.6066615207156567,-3.009812925812459,-9.307929797876879,-0.4851458298439981,-0.9277439353196472,-0.5685130835116879,0.2222055250033654,-0.025257887344818482,0.2743486221698791,-0.5219149931094996,-0.23763220666471854,-0.18860490354791629,-0.07818340209299238,-0.8502920663250902,-0.8546203075336987,-0.4901847938082013
224,-0.0372196257461703,0.5861475117386311,-3.009812925812459,0.2702397942339509,-0.17805190761739823,-2.6170212366963224,-1.16010608071046,0.06964785377501441,0.1218241973632576,0.3786133440921952,-0.15168720638799388,-0.2609667904858634,-0.38294898803151606,-1.9008028394200733,-1.812589210032521,-1.8188343413109296,-0.4901847938082013
225,-0.10565706902435522,0.2235089284417656,-3.009812925812459,-9.307929797876879,-0.8856281320179782,-1.366289444503625,-0.6427550900516477,0.8319106937237047,-0.4848769809692053,-0.1918609703005065,0.5323706035664406,-0.013496171671062825,-0.38294898803151606,-0.07818340209299238,0.11200507738234039,0.10959372624353225,1.0458394744606487
226,0.31860987453709616,0.48505238885699314,-3.009812925812459,-9.307929797876879,-0.8464713985161086,0.14441212553333777,0.9938743701091027,1.7736902213190258,1.0324029163940232,1.3513763064919286,-0.3973416049547505,-0.4764337596269874,-0.38294898803151606,-0.07818340209299238,0.11200507738234039,0.10959372624353225,-0.4901847938082013
227,-0.5541041118377353,0.3816482407516954,-3.009812925812459,-9.307929797876879,0.11268711647989076,-0.6772467404737629,1.4129176230227936,1.5684993276002448,1.010833792400508,1.1190710546357496,-0.6315591927424312,-0.71498855642855,0.45908567145497925,-0.07818340209299238,-0.8502920663250902,-0.8546203075336987,-0.4901847938082013
228,-0.17739640694722247,0.6541231790331828,-3.009812925812459,-9.307929797876879,0.5711548254551158,-0.11801350716235476,-0.04594709486603825,-0.09893892509436758,0.3602660148626842,0.43461012065336063,-0.7895487816037573,-0.9622493552986392,-0.38294898803151606,0.8331263165705481,-0.8502920663250902,-0.8546203075336987,-0.4901847938082013
229,0.05342269239090896,-0.05833641293721046,-3.009812925812459,-9.307929797876879,-0.8806869334592833,-1.702741559149567,-0.6517474750266511,0.2979676823513521,-1.0245578490937657,-0.7447290138502288,1.4776705914065607,0.8625254644299601,-0.38294898803151606,-0.9894931207565328,-0.8502920663250902,-0.8546203075336987,1.0458394744606487
230,-0.5242502170564931,0.29479159691773854,-3.009812925812459,-9.307929797876879,0.10092729629173078,-0.5316496314246834,0.9809271473276818,1.345489608079799,1.2899025095110157,1.386123773508895,-0.7591965783959865,-0.8325053382891497,-0.38294898803151606,-0.07818340209299238,0.11200507738234039,0.10959372624353225,-0.4901847938082013
231,-0.6109545406534774,-1.1031035753236753,-0.40847033299385643,1.4336173967149173,0.535985677987932,-1.4392634172318377,-0.696483159447116,-0.808695352075177,-0.018834067917298847,0.03178469787946776,-0.6167690987914418,-0.6803534232808626,-0.38294898803151606,-0.9894931207565328,-0.8502920663250902,-0.8546203075336987,-0.4901847938082013
232,1.3584171221575216,0.2148936449375714,-3.009812925812459,-9.307929797876879,0.40532577101731027,0.18861751285908,1.5676303815786552,0.6739091810927901,0.8730088156322349,0.9052554061036413,-0.3969447219907507,0.10487114316954313,0.054325202056583415,0.8331263165705481,0.11200507738234039,0.10959372624353225,-0.4901847938082013
233,-0.8797338611922636,-1.0957256077762987,-3.009812925812459,-9.307929797876879,0.16785176099933963,-0.7926719184909818,-0.8137224329985624,0.23922825151898858,-0.9760608865390517,-0.6807189117790318,0.7672432662488613,0.3912777103911553,-0.38294898803151606,0.8331263165705481,1.074302221089771,1.0738077600207632,1.0458394744606487
234,-0.13910935333490201,-0.2275659328597753,-0.8580864147037836,0.2899867335908522,1.831947914698451,-0.4555181310303411,1.6271361437313032,0.3849191055692885,1.596558818147629,1.4349978292532308,-0.9451990833497199,-0.5703730337489574,-0.38294898803151606,-0.07818340209299238,0.11200507738234039,0.10959372624353225,-0.4901847938082013
235,0.10342323495038422,1.6834144252080234,-3.009812925812459,-9.307929797876879,-1.3115369269183816,-0.25694472447184086,-0.2987520276126114,0.3519647021746773,-0.16396479223223176,0.04410249118931847,-0.05440465458351671,-0.28271960209406155,-0.38294898803151606,-0.07818340209299238,0.11200507738234039,0.10959372624353225,-0.4901847938082013
236,-1.2947417729112956,-1.1732487076945717,-3.009812925812459,-9.307929797876879,-1.7921422787726642,0.3068493821350793,-0.3301104664431965,-0.6362050424291122,-0.2143796433146767,-0.09008103267491127,-0.38224882028230006,-0.06612608955292427,-0.38294898803151606,-0.07818340209299238,-0.8502920663250902,-0.8546203075336987,-0.4901847938082013
237,0.05580291200065326,-0.9305557849099139,-3.009812925812459,-9.307929797876879,-0.055302925326182445,0.44718394507395165,0.6190719498158901,1.173692391628821,0.3636577933292403,0.5178229484137485,0.10295207881872083,-0.1892174193316343,-0.38294898803151606,0.8331263165705481,1.074302221089771,1.0738077600207632,-0.4901847938082013
238,-0.5608816165896281,-1.076622022487979,-3.009812925812459,-9.307929797876879,-0.2633091539818481,0.8264381014162533,1.1260102914522367,0.9375686994082677,0.15928869446850513,0.3807529597673276,0.12865939352335085,0.14078545329918665,-0.38294898803151606,-0.07818340209299238,-0.8502920663250902,-0.8546203075336987,1.0458394744606487
239,-0.9585272913430036,0.24621716374856792,-3.009812925812459,-9.307929797876879,-0.22654316319826873,1.1186848287364568,0.6334306204528074,0.5790094970765971,0.5262078365554704,0.76183238466933,-0.4909968903752617,-0.1756298345910612,-0.38294898803151606,2.6557457538976292,-0.8502920663250902,0.10959372624353225,-0.4901847938082013
240,-0.09703930855196072,0.7647454874072962,-3.009812925812459,-9.307929797876879,-1.0143571370406441,-0.7379414389448216,-0.09709570301040757,0.19246940179217722,-0.5706003944408378,-0.3664200416967726,0.09485813603127352,0.2044162333299666,-0.38294898803151606,-0.07818340209299238,-1.812589210032521,-0.8546203075336987,-0.4901847938082013
241,-0.11613217475333622,-0.9300283927134122,-3.009812925812459,3.2634024937011095,0.1075346227335233,-0.24887548710285348,-0.6744260677219819,0.06570396656759525,-0.2690415608954879,0.0347948572678584,-0.22499229557371564,-0.4618980154998916,-0.18860490354791629,-0.9894931207565328,0.11200507738234039,0.10959372624353225,1.0458394744606487
242,-0.9232559063292343,0.5930256150682544,-0.5491093628068752,0.1907805212225568,0.776588432292326,0.12476528672189549,0.0023119336273302706,1.1779490634982863,1.3411836878223526,1.744837078913006,-1.3596974865877067,-1.3722322521327988,-0.033129635961036456,-0.9894931207565328,-0.8502920663250902,-0.8546203075336987,-0.4901847938082013
243,-0.37069049126579395,0.30511303935829664,-3.009812925812459,-9.307929797876879,-0.3520695543332399,1.0457108560082442,0.5207920361626333,0.8959674457983157,0.03413474745539538,0.304966552944595,0.40368468121050544,0.13522332723866717,-0.38294898803151606,0.8331263165705481,0.11200507738234039,0.10959372624353225,-0.4901847938082013
244,-1.2841350648111842,-0.5863610739646714,-3.009812925812459,-9.307929797876879,-0.7708753548316275,0.11388935809413175,1.1677812742130753,1.5916522840583456,1.5152731576345952,1.5667446518929409,-0.41213224089037487,-0.9715791685839092,0.6276039713231331,-0.07818340209299238,0.11200507738234039,0.10959372624353225,-0.4901847938082013
245,-0.7087894115223016,-0.8914959677253195,-3.009812925812459,2.0493289602292375,-0.028505882665953226,0.3878925922322792,-0.2561798373027187,-0.14404222398921362,0.049097763040120534,0.22560336363611216,-0.624319204141364,-0.733927585844513,-0.1330780222668878,-0.07818340209299238,1.074302221089771,1.0738077600207632,-0.4901847938082013
246,0.2819463902901425,1.0593719307684721,-3.009812925812459,0.46956169310752816,-0.7834311460959631,-0.24887548710285348,1.0764380875057438,0.7993812582830642,0.8545727607653665,0.9199123107029831,-0.4679075257195114,-0.43994365375018357,0.4915993921446827,-0.07818340209299238,1.074302221089771,1.0738077600207632,-0.4901847938082013
247,0.2676387624711753,-0.43349401945374166,-3.009812925812459,-9.307929797876879,0.7406336774337219,-0.17590151437464097,0.16135666561924703,0.8908570867685516,0.2119257168301881,0.45688250517643075,-0.08927306462765608,-0.14151927148750018,0.054325202056583415,-0.07818340209299238,-0.8502920663250902,-0.8546203075336987,-0.4901847938082013
248,-0.4646125179066574,0.48414492268939613,-3.009812925812459,-9.307929797876879,0.7998788351110688,1.93087111174518,-1.0943137178143312,-1.957876148205716,-1.393438620578625,-1.2788409867742638,0.056435928769559586,1.2559981996173482,-0.38294898803151606,0.8331263165705481,2.036599364797202,2.0380217937979936,-0.4901847938082013
249,-0.10189034665080784,-0.07156108626208878,-3.009812925812459,-9.307929797876879,-1.3626477432403825,-0.24887548710285348,0.8731542576478183,1.389156391533359,1.6106589977858163,1.5346611546553828,-0.6219168955598207,-0.9649884351648875,-0.2736304405094912,-0.07818340209299238,0.11200507738234039,0.10959372624353225,-0.4901847938082013
250,-0.9935550785095838,-0.49738234789842894,-3.009812925812459,-9.307929797876879,0.1992591453438499,-1.3175231838823669,1.4420580886179197,2.075884125207296,1.1941549707210242,1.4966445147690401,-0.5653212024671084,-0.6834125415975931,1.109357828492031,-0.9894931207565328,-0.8502920663250902,-0.8546203075336987,1.0458394744606487
251,1.1638180360366674,0.9739988689255659,-3.009812925812459,-9.307929797876879,-1.4254192548468572,0.7815310412758161,-0.1415640808603611,0.7939432596853981,-0.2595283211365028,-0.0009253113578529662,0.24792668202975413,-0.0005310092928266592,-0.38294898803151606,1.7444360352340886,1.074302221089771,1.0738077600207632,-0.4901847938082013
252,0.5079607794158787,0.30696230920488776,-2.0359602226261764,1.3762313330187705,-0.16137492103166737,-1.0073837997874568,-0.6129829769342536,-0.19738904738502006,0.4913491746815408,0.7755499414514047,-1.2057118891081464,-1.252362469820922,-0.38294898803151606,-1.9008028394200733,-0.8502920663250902,-0.8546203075336987,-0.4901847938082013
253,0.34161718891715537,0.5495005400816073,-3.009812925812459,-9.307929797876879,0.3996296754583883,0.5341913740960538,2.352562207067051,0.9540883419362873,1.864422216321646,1.7222581075928587,-0.134419009291519,0.46415270949709786,0.5143250285523046,-0.9894931207565328,-0.8502920663250902,-0.8546203075336987,1.0458394744606487
254,-0.8918737775232402,2.385414967099569,-3.009812925812459,-9.307929797876879,0.08057012643240195,-0.8144237757465094,0.2737797282333731,0.4437378243312936,0.28503039064886065,0.5818873223773615,-0.5185979674421068,-0.1173016298496069,0.4915993921446827,-0.9894931207565328,0.11200507738234039,0.10959372624353225,-0.4901847938082013
255,-0.035615421730581964,-0.1347884408653873,-3.009812925812459,-9.307929797876879,1.046643668282536,0.24159381036850466,1.7122468541777613,0.6366801885854061,1.1307790471226082,1.2140114515978484,-0.6051621672673122,0.11514953302740386,-0.38294898803151606,0.8331263165705481,1.074302221089771,1.0738077600207632,-0.4901847938082013
256,0.7812448433807149,-0.11266884653889017,-3.009812925812459,-9.307929797876879,0.6791911313473545,1.7831689842520153,1.3039302419854517,1.1564908853190012,1.052491619361706,1.0571858901005315,-0.621427707099532,-0.6755431502645737,-0.38294898803151606,0.8331263165705481,-0.8502920663250902,-0.8546203075336987,1.0458394744606487
257,-0.42801937008477087,-0.14596363973800563,-3.009812925812459,-9.307929797876879,-0.7322306072226179,-0.41447027137072084,-0.0033372853831762565,0.7709404770824988,-0.27898580473593837,-0.21468450967549432,0.9948115815889312,0.2513894270812101,-0.38294898803151606,0.8331263165705481,1.074302221089771,1.0738077600207632,-0.4901847938082013
258,2.139214939531256,0.26762560402555197,-3.009812925812459,-9.307929797876879,-0.57380341937884,0.9650184823183899,1.0325550146407376,1.0266078773752734,0.2827885182660048,0.4230188578716715,-0.11447504843358279,-0.2729466311737654,0.21612252112867897,0.8331263165705481,0.11200507738234039,1.0738077600207632,1.0458394744606487
259,0.7504281575191578,-0.39999610260138846,-3.009812925812459,-9.307929797876879,0.6599570290055431,0.7660942393525403,0.9015136945214101,0.2962204775550262,0.7330558366752677,0.7624076183450722,-0.8467185187570686,-0.6918797398588038,-0.09143286130611637,-0.07818340209299238,0.11200507738234039,0.10959372624353225,-0.4901847938082013
260,-0.5120625558686569,0.8228163497035961,-3.009812925812459,-9.307929797876879,-0.7103842505762281,-0.5769075279724662,0.9179697975141705,2.1958734769049024,0.3318051792875101,0.6358785978775485,0.9949166946633753,0.41313233911755026,0.4915993921446827,-0.07818340209299238,0.11200507738234039,0.10959372624353225,2.5818637427294986
261,-0.6852293199989032,0.31481636513890043,-3.009812925812459,0.33604400452774125,0.9934641066967185,-1.2199906626398507,0.9604867693700738,1.4182449503479613,1.2910394276774364,1.403093930804072,-0.6759643438488295,-0.9756470870088189,-0.38294898803151606,0.8331263165705481,1.074302221089771,1.0738077600207632,-0.4901847938082013
262,-0.2724434476628027,0.3986176108520003,-0.8026342885829908,0.17779679452067976,1.0971832568519706,-0.34289964427189845,2.102438453445884,0.43289579025881236,1.4479455300564168,1.2712333888097247,-0.8031376433260446,-0.1906434871689969,-0.23719092466881622,-0.07818340209299238,0.11200507738234039,0.10959372624353225,-0.4901847938082013
263,-1.2666018732456952,0.17624561311968723,-1.7132480965022656,-9.307929797876879,0.9555017593055635,0.21914028029828603,1.2276769866127581,0.197862714475999,1.1255183666921234,1.104273332071458,-1.0019093716944487,-0.6481957968194353,0.6582452759850712,-0.07818340209299238,1.074302221089771,1.0738077600207632,-0.4901847938082013
264,-0.3269119675506209,0.3946071427067067,-3.009812925812459,-9.307929797876879,-0.7016143528205789,-1.278580342666828,0.5357063971092904,0.3771497201298113,1.3931229021988263,1.2840935922340233,-0.5757977446323191,-0.6274906701570735,-0.38294898803151606,-0.07818340209299238,-0.8502920663250902,-0.8546203075336987,-0.4901847938082013
265,-0.06993524909281335,-0.22200004295022066,-3.009812925812459,-9.307929797876879,0.9272280404418298,0.7011895039933111,0.8835235971809833,1.0231562684341042,1.3427530738731557,1.4098831949792179,-0.7062975158293519,-0.3806574931245563,-0.38294898803151606,1.7444360352340886,0.11200507738234039,0.10959372624353225,-0.4901847938082013
266,1.8797998364226827,-1.0898122448789134,-3.009812925812459,-9.307929797876879,-0.3962904491858078,0.4412197261490494,1.4637972933442729,1.7855643579759826,0.7531168196497311,0.8810130621104874,0.08353363701114584,-0.23397390563200487,0.7630335825515361,0.8331263165705481,1.074302221089771,1.0738077600207632,2.5818637427294986
267,0.46738268288512047,0.015967991273017415,-3.009812925812459,-9.307929797876879,-0.022156768869123815,-0.34289964427189845,-0.27242186446536465,0.2077532134044746,0.507763958215483,0.6763656264937684,-0.7407040731185671,-0.7726105650183992,-0.38294898803151606,-0.07818340209299238,1.074302221089771,1.0738077600207632,-0.4901847938082013
268,-0.17393505866823522,1.4367682090922245,-3.009812925812459,-9.307929797876879,-2.7863474670442576,-1.0421166041148293,-0.21601879297042195,1.3280359206316907,-0.5181325105120469,-0.23175427801358636,0.6476831285239483,0.2609462092089262,-0.38294898803151606,0.8331263165705481,1.074302221089771,1.0738077600207632,1.0458394744606487
269,0.14011688128974675,-1.1146248129890823,0.18867505473310817,-9.307929797876879,0.6638741831884997,-0.08889408535253887,-0.8660730888278455,-1.5351714762676494,0.17369905621675374,-0.1639592134262293,-0.16068351912374274,-0.11277758875702332,-0.38294898803151606,-0.9894931207565328,-1.812589210032521,-1.8188343413109296,-0.4901847938082013
270,-0.5540247759043857,-0.3746569503102154,-3.009812925812459,-9.307929797876879,-1.0190562189813432,-0.9277439353196472,0.3053555879346935,1.3330237232350115,1.4143205111271058,1.3743178190098475,-0.21375317589703988,-1.0817730051815808,-0.38294898803151606,-0.07818340209299238,-0.8502920663250902,-0.8546203075336987,-0.4901847938082013
271,-0.9933637747977638,0.06961271016720354,-3.009812925812459,-9.307929797876879,-0.9797268538726355,0.5566449041662723,0.8268889588200585,0.6271482601575863,1.4543362041874779,1.4651506626341861,-0.6847313133251672,-0.6444759212405481,-0.38294898803151606,0.8331263165705481,-0.8502920663250902,-0.8546203075336987,-0.4901847938082013
272,-0.480899374482722,-0.4464135543647804,-3.009812925812459,-9.307929797876879,-0.05246039664359494,-1.8048349536875994,-0.6230018864952356,0.750591253680938,0.23598503009404348,0.24972610895929118,0.5866670042559666,-0.41064553841115714,-0.38294898803151606,0.8331263165705481,-0.8502920663250902,-0.8546203075336987,-0.4901847938082013
273,-1.7219516341739711,0.22440360293876452,-3.009812925812459,-9.307929797876879,-1.7744307818313074,1.7035291197842055,-0.5520199717847996,-0.05932468799900642,-0.1693819902368897,0.055678813875351764,-0.3180387463976013,-0.3749330529268483,-0.38294898803151606,0.8331263165705481,1.074302221089771,1.0738077600207632,-0.4901847938082013
274,-0.7723062295242226,1.6089527729922286,-3.009812925812459,-9.307929797876879,-1.2804032744364071,-0.2004600628889409,0.9031438775526986,1.636298349733938,0.5373861992354324,0.7843009547991842,-0.11708272807086467,-0.15230455753932226,-0.38294898803151606,-0.07818340209299238,-0.8502920663250902,0.10959372624353225,1.0458394744606487
275,1.5437902339788234,0.11266262613342587,-3.009812925812459,-9.307929797876879,0.9462847273173446,0.46367325621927197,-0.6150136218523964,-0.7968816052968488,-0.7277012743345048,-0.5030162423951245,-0.34438352842112513,-0.22411198654934622,1.2267260739779797,-0.07818340209299238,0.11200507738234039,0.10959372624353225,-0.4901847938082013
276,-0.8101640547980303,-0.5458339066406375,-3.009812925812459,-9.307929797876879,-1.1000856750474128,1.548810264144098,-1.1992216513090885,-0.31522167735393836,-0.6074518100591965,-0.4079702836905359,0.563975875089899,0.7791096308746912,-0.38294898803151606,1.7444360352340886,2.9988965085046324,3.0022358275752246,-0.4901847938082013
277,1.7062828060596478,0.6563740498780974,-3.009812925812459,-9.307929797876879,0.22710455699458784,1.2649836106002315,1.6525465688559189,2.0113083706766544,0.9011014677002909,1.0817876399453623,-0.3448688131631802,-0.522499811041417,0.7630335825515361,0.8331263165705481,0.11200507738234039,1.0738077600207632,1.0458394744606487
278,0.3614666296404098,-0.8517313066980915,-3.009812925812459,0.5049112979767929,0.09280756269202414,-0.8649442184045033,-0.017801268741019935,-0.07657746578293924,0.5294701251266535,0.45644819958232613,0.3467138220234436,0.1869307531813731,-0.38294898803151606,-0.9894931207565328,-0.8502920663250902,-0.8546203075336987,-0.4901847938082013
279,-0.45574192802887625,-1.1289001678738084,-3.009812925812459,-9.307929797876879,-0.8268816829888762,-1.1782411301655353,0.7267539985168913,0.9792868047634893,0.337401300040916,0.49725942286512337,-0.19200072271193397,-0.13163575403393138,1.1378125723601493,-0.9894931207565328,-0.8502920663250902,-0.8546203075336987,1.0458394744606487
280,-0.021512798037246855,-0.11291203551685738,-3.009812925812459,-9.307929797876879,-0.6561134402941952,-0.026796041252086174,-0.5841000132803517,0.3230744803801301,-0.4583307422290341,-0.2840981343106115,0.1415595214870028,0.06675311920254066,-0.38294898803151606,0.8331263165705481,0.11200507738234039,0.10959372624353225,-0.4901847938082013
281,0.09535085181422757,0.053790739112424824,-3.009812925812459,-9.307929797876879,-1.007645098443626,-0.026796041252086174,-0.3984750422983186,0.49608711897018204,-0.309607055732637,-0.12860676688915543,0.0702249139825552,-0.054676475017463394,-0.38294898803151606,0.8331263165705481,0.11200507738234039,0.10959372624353225,-0.4901847938082013
